time,target,value
00:05:39.338,hero_monkey_king,69
00:05:47.336,hero_monkey_king,57
00:05:48.836,hero_morphling,28
00:05:48.836,hero_dazzle,28
00:05:49.469,hero_dark_willow,28
00:05:49.469,hero_phoenix,28
00:05:51.069,hero_lone_druid,34
00:05:51.069,hero_abaddon,34
00:05:55.334,hero_monkey_king,22
00:05:56.434,hero_lone_druid,28
00:05:56.434,hero_abaddon,28
00:05:58.000,hero_monkey_king,57
00:05:59.500,hero_morphling,28
00:05:59.500,hero_dazzle,28
00:06:02.333,hero_pudge,11
00:06:02.333,hero_silencer,11
00:06:02.433,hero_dark_willow,28
00:06:02.433,hero_phoenix,28
00:06:03.532,hero_lone_druid,28
00:06:03.532,hero_abaddon,28
00:06:04.465,hero_dazzle,28
00:06:04.465,hero_morphling,28
00:06:05.898,hero_dark_willow,28
00:06:05.898,hero_phoenix,28
00:06:07.165,hero_huskar,57
00:06:08.031,hero_lone_druid,28
00:06:08.031,hero_abaddon,28
00:06:08.898,hero_monkey_king,57
00:06:10.164,hero_huskar,57
00:06:10.231,hero_monkey_king,57
00:06:12.730,hero_phoenix,34
00:06:12.730,hero_dark_willow,34
00:06:12.930,hero_huskar,57
00:06:13.996,hero_monkey_king,57
00:06:15.663,hero_morphling,13
00:06:15.663,hero_dazzle,13
00:06:17.062,hero_silencer,28
00:06:17.062,hero_pudge,28
00:06:17.129,hero_monkey_king,69
00:06:17.629,hero_huskar,57
00:06:17.696,hero_dark_willow,28
00:06:17.696,hero_phoenix,28
00:06:19.029,hero_morphling,11
00:06:19.029,hero_dazzle,11
00:06:20.628,hero_lone_druid,28
00:06:20.628,hero_abaddon,28
00:06:21.994,hero_abaddon,34
00:06:21.994,hero_lone_druid,34
00:06:23.661,hero_huskar,57
00:06:24.860,hero_lone_druid,28
00:06:24.860,hero_abaddon,28
00:06:25.294,hero_abaddon,28
00:06:25.294,hero_lone_druid,28
00:06:25.927,hero_phoenix,28
00:06:25.927,hero_dark_willow,28
00:06:26.527,hero_huskar,69
00:06:28.893,hero_huskar,69
00:06:29.059,hero_dazzle,28
00:06:29.059,hero_morphling,28
00:06:30.026,hero_huskar,57
00:06:31.992,hero_morphling,28
00:06:31.992,hero_dazzle,28
00:06:34.691,hero_phoenix,28
00:06:34.691,hero_dark_willow,28
00:06:34.891,hero_silencer,28
00:06:34.891,hero_pudge,28
00:06:37.991,hero_silencer,28
00:06:37.991,hero_pudge,28
00:06:38.157,hero_huskar,57
00:06:38.424,hero_abaddon,57
00:06:40.023,hero_morphling,13
00:06:40.023,hero_dazzle,13
00:06:40.323,hero_pudge,28
00:06:40.323,hero_silencer,28
00:06:41.790,hero_dark_willow,13
00:06:41.790,hero_phoenix,13
00:06:42.789,hero_huskar,57
00:06:43.822,hero_pudge,28
00:06:43.822,hero_silencer,28
00:06:46.555,hero_abaddon,22
00:06:47.722,hero_dazzle,11
00:06:47.722,hero_morphling,11
00:06:47.921,hero_dark_willow,28
00:06:47.921,hero_phoenix,28
00:06:48.355,hero_huskar,57
00:06:49.754,hero_silencer,34
00:06:49.754,hero_pudge,34
00:06:51.187,hero_lone_druid,28
00:06:51.187,hero_abaddon,28
00:06:51.887,hero_huskar,69
00:06:54.820,hero_dazzle,28
00:06:54.820,hero_morphling,28
00:06:56.386,hero_monkey_king,133
00:06:57.053,hero_silencer,34
00:06:57.053,hero_pudge,34
00:06:58.052,hero_dazzle,28
00:06:58.052,hero_morphling,28
00:06:59.719,hero_silencer,45
00:06:59.719,hero_lone_druid,45
00:07:00.052,hero_abaddon,27
00:07:02.518,hero_morphling,34
00:07:02.518,hero_dazzle,34
00:07:05.717,hero_lone_druid,7
00:07:05.717,hero_pudge,7
00:07:05.717,hero_abaddon,7
00:07:05.717,hero_silencer,7
00:07:07.517,hero_pudge,7
00:07:07.517,hero_abaddon,7
00:07:07.517,hero_silencer,7
00:07:07.517,hero_lone_druid,7
00:07:12.549,hero_phoenix,28
00:07:12.549,hero_dark_willow,28
00:07:16.181,hero_abaddon,34
00:07:16.181,hero_lone_druid,34
00:07:16.681,hero_phoenix,34
00:07:16.681,hero_dark_willow,34
00:07:17.048,hero_phoenix,28
00:07:17.048,hero_dark_willow,28
00:07:18.014,hero_abaddon,28
00:07:18.014,hero_lone_druid,28
00:07:18.147,hero_monkey_king,57
00:07:19.380,hero_monkey_king,57
00:07:22.046,hero_monkey_king,57
00:07:23.379,hero_lone_druid,57
00:07:24.579,hero_monkey_king,69
00:07:25.079,hero_morphling,28
00:07:25.079,hero_dazzle,28
00:07:25.846,hero_morphling,28
00:07:25.846,hero_dazzle,28
00:07:26.412,hero_monkey_king,57
00:07:26.779,hero_silencer,13
00:07:26.779,hero_pudge,13
00:07:27.012,hero_dazzle,28
00:07:27.012,hero_morphling,28
00:07:27.045,hero_dark_willow,28
00:07:27.045,hero_phoenix,28
00:07:27.645,hero_lone_druid,28
00:07:27.645,hero_abaddon,28
00:07:29.078,hero_monkey_king,69
00:07:30.678,hero_silencer,28
00:07:30.678,hero_pudge,28
00:07:31.444,hero_monkey_king,57
00:07:32.844,hero_dazzle,13
00:07:32.844,hero_morphling,13
00:07:36.710,hero_silencer,11
00:07:36.710,hero_pudge,11
00:07:37.676,hero_pudge,28
00:07:37.676,hero_silencer,28
00:07:39.942,hero_abaddon,11
00:07:39.942,hero_lone_druid,11
00:07:40.242,hero_monkey_king,57
00:07:40.342,hero_phoenix,28
00:07:40.342,hero_dark_willow,28
00:07:40.542,hero_pudge,11
00:07:40.542,hero_silencer,11
00:07:41.875,hero_silencer,28
00:07:41.875,hero_pudge,28
00:07:42.242,hero_monkey_king,57
00:07:43.041,hero_phoenix,28
00:07:43.041,hero_dark_willow,28
00:07:44.508,hero_pudge,28
00:07:44.508,hero_silencer,28
00:07:45.441,hero_monkey_king,57
00:07:46.207,hero_morphling,28
00:07:46.207,hero_dazzle,28
00:07:48.207,hero_pudge,34
00:07:48.207,hero_silencer,34
00:07:49.273,hero_huskar,57
00:07:50.040,hero_monkey_king,69
00:07:50.839,hero_abaddon,28
00:07:50.839,hero_lone_druid,28
00:07:52.206,hero_abaddon,11
00:07:52.206,hero_lone_druid,11
00:07:52.772,hero_dazzle,28
00:07:52.772,hero_morphling,28
00:07:57.571,hero_lone_druid,34
00:07:57.571,hero_abaddon,34
00:07:58.804,hero_silencer,28
00:07:58.804,hero_pudge,28
00:07:58.871,hero_phoenix,34
00:07:58.871,hero_dark_willow,34
00:08:00.337,hero_morphling,11
00:08:00.337,hero_dazzle,11
00:08:03.703,hero_pudge,28
00:08:03.703,hero_silencer,28
00:08:04.536,hero_huskar,57
00:08:05.236,hero_dazzle,34
00:08:05.236,hero_morphling,34
00:08:05.636,hero_monkey_king,57
00:08:06.469,hero_pudge,28
00:08:06.469,hero_silencer,28
00:08:09.002,hero_silencer,34
00:08:09.002,hero_pudge,34
00:08:09.735,hero_huskar,57
00:08:11.501,hero_huskar,57
00:08:11.801,hero_phoenix,28
00:08:11.801,hero_dark_willow,28
00:08:12.734,hero_phoenix,28
00:08:12.734,hero_dark_willow,28
00:08:12.767,hero_monkey_king,57
00:08:14.900,hero_huskar,57
00:08:17.666,hero_dark_willow,28
00:08:17.666,hero_phoenix,28
00:08:17.700,hero_monkey_king,22
00:08:21.099,hero_huskar,57
00:08:21.732,hero_dark_willow,34
00:08:21.732,hero_phoenix,34
00:08:22.998,hero_monkey_king,27
00:08:23.332,hero_morphling,11
00:08:23.332,hero_dazzle,11
00:08:25.564,hero_morphling,28
00:08:25.564,hero_dazzle,28
00:08:26.697,hero_abaddon,28
00:08:26.697,hero_lone_druid,28
00:08:28.797,hero_phoenix,28
00:08:28.797,hero_dark_willow,28
00:08:29.830,hero_huskar,69
00:08:32.996,hero_huskar,69
00:08:33.996,hero_lone_druid,28
00:08:33.996,hero_abaddon,28
00:08:34.296,hero_morphling,28
00:08:34.296,hero_dazzle,28
00:08:36.762,hero_phoenix,28
00:08:36.762,hero_dark_willow,28
00:08:37.928,hero_dazzle,13
00:08:37.928,hero_morphling,13
00:08:38.361,hero_abaddon,34
00:08:38.361,hero_lone_druid,34
00:08:41.261,hero_huskar,22
00:08:41.360,hero_pudge,22
00:08:42.993,hero_dark_willow,28
00:08:42.993,hero_phoenix,28
00:08:46.559,hero_pudge,22
00:08:47.159,hero_huskar,57
00:08:47.392,hero_huskar,222
00:08:50.358,hero_huskar,57
00:08:51.391,hero_lone_druid,57
00:08:52.291,hero_lone_druid,57
00:08:52.424,hero_morphling,11
00:08:52.424,hero_dazzle,11
00:08:52.658,hero_dark_willow,28
00:08:52.658,hero_phoenix,28
00:08:53.924,hero_huskar,69
00:08:55.257,hero_dark_willow,56
00:08:55.257,hero_phoenix,56
00:08:55.990,hero_lone_druid,57
00:08:57.457,hero_lone_druid,27
00:08:59.556,hero_phoenix,28
00:08:59.556,hero_dark_willow,28
00:09:01.422,hero_dark_willow,56
00:09:01.422,hero_phoenix,56
00:09:03.455,hero_silencer,28
00:09:03.455,hero_pudge,28
00:09:04.921,hero_silencer,28
00:09:04.921,hero_pudge,28
00:09:06.154,hero_phoenix,28
00:09:06.154,hero_dark_willow,28
00:09:06.521,hero_huskar,57
00:09:08.121,hero_silencer,28
00:09:08.121,hero_pudge,28
00:09:10.387,hero_dark_willow,34
00:09:10.387,hero_phoenix,34
00:09:11.087,hero_pudge,34
00:09:11.087,hero_silencer,34
00:09:11.786,hero_abaddon,29
00:09:12.653,hero_dark_willow,34
00:09:12.653,hero_phoenix,34
00:09:13.686,hero_pudge,69
00:09:15.352,hero_huskar,57
00:09:17.452,hero_morphling,27
00:09:18.685,hero_monkey_king,57
00:09:19.385,hero_dark_willow,11
00:09:19.385,hero_phoenix,11
00:09:21.217,hero_morphling,57
00:09:22.584,hero_abaddon,31
00:09:24.150,hero_huskar,57
00:09:25.216,hero_abaddon,16
00:09:25.216,hero_silencer,16
00:09:25.216,hero_pudge,16
00:09:25.216,hero_lone_druid,16
00:09:28.649,hero_huskar,69
00:09:29.115,hero_morphling,28
00:09:29.115,hero_dazzle,28
00:09:30.182,hero_pudge,11
00:09:30.182,hero_silencer,11
00:09:30.282,hero_phoenix,28
00:09:30.282,hero_dark_willow,28
00:09:30.315,hero_monkey_king,57
00:09:30.682,hero_monkey_king,27
00:09:33.848,hero_dazzle,28
00:09:33.848,hero_morphling,28
00:09:36.280,hero_dazzle,13
00:09:36.280,hero_morphling,13
00:09:38.846,hero_lone_druid,28
00:09:38.846,hero_abaddon,28
00:09:38.880,hero_huskar,57
00:09:39.213,hero_phoenix,28
00:09:39.213,hero_dark_willow,28
00:09:39.246,hero_monkey_king,57
00:09:42.746,hero_phoenix,27
00:09:44.445,hero_lone_druid,28
00:09:44.445,hero_abaddon,28
00:09:46.311,hero_abaddon,34
00:09:46.311,hero_lone_druid,34
00:09:50.644,hero_phoenix,22
00:09:51.210,hero_monkey_king,22
00:09:51.543,hero_morphling,28
00:09:51.543,hero_dazzle,28
00:09:52.643,hero_abaddon,28
00:09:52.643,hero_lone_druid,28
00:09:52.743,hero_monkey_king,57
00:09:54.543,hero_lone_druid,34
00:09:54.543,hero_abaddon,34
00:09:54.976,hero_huskar,69
00:09:56.775,hero_phoenix,22
00:09:57.642,hero_abaddon,28
00:09:57.642,hero_lone_druid,28
00:09:58.308,hero_huskar,57
00:09:58.808,hero_silencer,28
00:09:58.808,hero_pudge,28
00:10:00.475,hero_abaddon,28
00:10:00.475,hero_lone_druid,28
00:10:00.774,hero_dazzle,28
00:10:00.774,hero_morphling,28
00:10:01.241,hero_huskar,57
00:10:03.807,hero_morphling,28
00:10:03.807,hero_dazzle,28
00:10:05.407,hero_monkey_king,66
00:10:05.673,hero_dark_willow,22
00:10:06.506,hero_huskar,57
00:10:06.940,hero_silencer,28
00:10:06.940,hero_pudge,28
00:10:08.406,hero_pudge,28
00:10:08.406,hero_silencer,28
00:10:08.939,hero_morphling,34
00:10:08.939,hero_dazzle,34
00:10:14.271,hero_lone_druid,57
00:10:14.871,hero_huskar,57
00:10:15.071,hero_dark_willow,27
00:10:15.238,hero_pudge,28
00:10:15.238,hero_silencer,28
00:10:18.503,hero_huskar,57
00:10:22.436,hero_lone_druid,57
00:10:23.169,hero_phoenix,57
00:10:23.536,hero_phoenix,57
00:10:24.102,hero_lone_druid,57
00:10:27.668,hero_huskar,69
00:10:27.701,hero_lone_druid,69
00:10:27.768,hero_morphling,57
00:10:29.467,hero_morphling,57
00:10:31.334,hero_morphling,57
00:10:32.600,hero_phoenix,69
00:10:33.266,hero_pudge,57
00:10:36.066,hero_silencer,28
00:10:36.066,hero_pudge,28
00:10:37.899,hero_pudge,28
00:10:37.899,hero_silencer,28
00:10:37.999,hero_abaddon,31
00:10:38.432,hero_dazzle,34
00:10:38.432,hero_morphling,34
00:10:38.832,hero_monkey_king,57
00:10:39.632,hero_lone_druid,31
00:10:40.665,hero_phoenix,57
00:10:40.865,hero_huskar,57
00:10:40.965,hero_pudge,69
00:10:42.698,hero_pudge,69
00:10:42.731,hero_phoenix,22
00:10:42.831,hero_monkey_king,142
00:10:43.564,hero_dark_willow,34
00:10:43.564,hero_monkey_king,34
00:10:44.430,hero_lone_druid,10
00:10:44.430,hero_pudge,10
00:10:44.430,hero_abaddon,10
00:10:47.196,hero_morphling,297
00:10:48.263,hero_morphling,57
00:10:49.063,hero_huskar,57
00:10:50.096,hero_phoenix,22
00:10:52.129,hero_morphling,57
00:10:52.995,hero_huskar,57
00:10:55.161,hero_morphling,57
00:10:56.727,hero_silencer,31
00:10:58.060,hero_morphling,69
00:10:58.094,hero_huskar,69
00:11:00.027,hero_dark_willow,57
00:11:00.660,hero_lone_druid,95
00:11:00.660,hero_abaddon,95
00:11:00.793,hero_phoenix,69
00:11:06.025,hero_huskar,57
00:11:06.825,hero_dark_willow,57
00:11:10.224,hero_phoenix,22
00:11:12.690,hero_dark_willow,57
00:11:13.690,hero_huskar,57
00:11:14.157,hero_morphling,88
00:11:14.990,hero_abaddon,28
00:11:14.990,hero_lone_druid,28
00:11:15.190,hero_morphling,22
00:11:16.023,hero_abaddon,28
00:11:16.023,hero_lone_druid,28
00:11:16.223,hero_monkey_king,34
00:11:16.223,hero_dark_willow,34
00:11:18.622,hero_huskar,57
00:11:19.855,hero_silencer,28
00:11:19.855,hero_dazzle,28
00:11:19.855,hero_phoenix,22
00:11:21.288,hero_huskar,69
00:11:21.788,hero_dazzle,28
00:11:21.788,hero_silencer,28
00:11:23.321,hero_abaddon,11
00:11:23.321,hero_lone_druid,11
00:11:24.754,hero_silencer,28
00:11:24.754,hero_dazzle,28
00:11:25.387,hero_lone_druid,28
00:11:25.387,hero_abaddon,28
00:11:28.753,hero_phoenix,22
00:11:29.953,hero_lone_druid,57
00:11:31.852,hero_pudge,9
00:11:31.852,hero_silencer,9
00:11:31.852,hero_dazzle,9
00:11:32.319,hero_monkey_king,28
00:11:32.319,hero_dark_willow,28
00:11:33.785,hero_monkey_king,34
00:11:33.785,hero_dark_willow,34
00:11:33.785,hero_phoenix,69
00:11:37.684,hero_monkey_king,28
00:11:37.684,hero_dark_willow,28
00:11:39.384,hero_silencer,29
00:11:39.384,hero_dazzle,29
00:11:39.384,hero_pudge,29
00:11:40.517,hero_huskar,57
00:11:41.050,hero_phoenix,57
00:11:41.050,hero_monkey_king,28
00:11:41.050,hero_dark_willow,28
00:11:42.350,hero_huskar,57
00:11:46.949,hero_dazzle,28
00:11:46.949,hero_pudge,28
00:11:47.248,hero_pudge,28
00:11:47.248,hero_dazzle,28
00:11:48.448,hero_huskar,69
00:11:48.948,hero_pudge,28
00:11:48.948,hero_dazzle,28
00:11:49.748,hero_huskar,57
00:11:51.181,hero_phoenix,22
00:11:52.081,hero_pudge,34
00:11:52.081,hero_dazzle,34
00:11:52.480,hero_monkey_king,28
00:11:52.480,hero_dark_willow,28
00:11:53.114,hero_morphling,57
00:11:53.614,hero_phoenix,22
00:11:56.713,hero_abaddon,28
00:11:56.713,hero_lone_druid,28
00:11:57.679,hero_huskar,88
00:12:00.179,hero_phoenix,27
00:12:00.412,hero_abaddon,34
00:12:00.412,hero_lone_druid,34
00:12:01.112,hero_morphling,57
00:12:02.078,hero_dark_willow,34
00:12:02.078,hero_monkey_king,34
00:12:02.811,hero_abaddon,34
00:12:02.811,hero_lone_druid,34
00:12:05.244,hero_huskar,69
00:12:06.144,hero_huskar,57
00:12:06.410,hero_lone_druid,34
00:12:06.410,hero_abaddon,34
00:12:07.677,hero_morphling,57
00:12:08.277,hero_huskar,57
00:12:08.910,hero_dark_willow,28
00:12:08.910,hero_monkey_king,28
00:12:09.010,hero_lone_druid,28
00:12:09.010,hero_abaddon,28
00:12:09.276,hero_lone_druid,28
00:12:09.276,hero_abaddon,28
00:12:10.876,hero_huskar,57
00:12:12.842,hero_dark_willow,28
00:12:12.842,hero_monkey_king,28
00:12:14.275,hero_lone_druid,88
00:12:16.608,hero_phoenix,57
00:12:21.140,hero_morphling,31
00:12:21.507,hero_dark_willow,44
00:12:21.507,hero_monkey_king,44
00:12:23.340,hero_phoenix,57
00:12:23.440,hero_morphling,19
00:12:25.706,hero_abaddon,34
00:12:25.706,hero_lone_druid,34
00:12:25.906,hero_huskar,31
00:12:26.905,hero_morphling,19
00:12:26.972,hero_huskar,47
00:12:28.238,hero_phoenix,57
00:12:28.705,hero_huskar,31
00:12:29.138,hero_monkey_king,28
00:12:29.138,hero_dark_willow,28
00:12:30.071,hero_morphling,19
00:12:30.804,hero_abaddon,22
00:12:30.804,hero_lone_druid,22
00:12:30.804,hero_silencer,22
00:12:30.804,hero_pudge,22
00:12:31.071,hero_dazzle,28
00:12:31.071,hero_silencer,28
00:12:31.471,hero_phoenix,69
00:12:32.404,hero_morphling,19
00:12:32.404,hero_monkey_king,57
00:12:34.504,hero_silencer,23
00:12:34.504,hero_pudge,23
00:12:34.504,hero_dazzle,23
00:12:36.636,hero_pudge,19
00:12:36.636,hero_dazzle,19
00:12:36.636,hero_silencer,19
00:12:37.969,hero_dazzle,19
00:12:37.969,hero_silencer,19
00:12:37.969,hero_pudge,19
00:12:38.069,hero_phoenix,57
00:12:40.369,hero_monkey_king,28
00:12:40.369,hero_dark_willow,28
00:12:41.102,hero_huskar,47
00:12:41.668,hero_huskar,31
00:12:41.768,hero_huskar,47
00:12:42.168,hero_phoenix,57
00:12:42.635,hero_huskar,31
00:12:43.968,hero_monkey_king,34
00:12:43.968,hero_dark_willow,34
00:12:44.334,hero_phoenix,57
00:12:46.601,hero_silencer,13
00:12:46.601,hero_pudge,13
00:12:46.601,hero_abaddon,13
00:12:46.601,hero_lone_druid,13
00:12:46.601,hero_dazzle,13
00:12:47.034,hero_phoenix,69
00:12:48.633,hero_dark_willow,28
00:12:48.633,hero_monkey_king,28
00:12:51.033,hero_huskar,57
00:12:51.666,hero_pudge,19
00:12:51.666,hero_dazzle,19
00:12:51.666,hero_silencer,19
00:12:52.899,hero_lone_druid,57
00:12:55.432,hero_morphling,34
00:12:55.432,hero_huskar,34
00:12:56.498,hero_lone_druid,57
00:12:56.598,hero_morphling,28
00:12:56.598,hero_huskar,28
00:12:58.198,hero_dark_willow,28
00:12:58.198,hero_monkey_king,28
00:13:00.597,hero_dark_willow,28
00:13:00.597,hero_monkey_king,28
00:13:01.830,hero_abaddon,11
00:13:01.830,hero_lone_druid,11
00:13:04.396,hero_dazzle,19
00:13:04.396,hero_pudge,19
00:13:04.396,hero_silencer,19
00:13:07.595,hero_monkey_king,34
00:13:07.595,hero_dark_willow,34
00:13:08.729,hero_morphling,57
00:13:09.828,hero_huskar,372
00:13:10.361,hero_dark_willow,979
00:13:11.295,hero_pudge,23
00:13:11.295,hero_silencer,23
00:13:11.295,hero_dazzle,23
00:13:12.328,hero_dazzle,19
00:13:12.328,hero_silencer,19
00:13:12.328,hero_pudge,19
00:13:12.728,hero_lone_druid,27
00:13:12.761,hero_phoenix,69
00:13:17.226,hero_phoenix,57
00:13:17.993,hero_morphling,57
00:13:22.325,hero_morphling,27
00:13:23.858,hero_morphling,57
00:13:23.925,hero_dazzle,28
00:13:23.925,hero_pudge,28
00:13:26.924,hero_abaddon,28
00:13:26.924,hero_lone_druid,28
00:13:29.623,hero_lone_druid,34
00:13:29.623,hero_abaddon,34
00:13:30.323,hero_phoenix,57
00:13:30.457,hero_dazzle,28
00:13:30.457,hero_pudge,28
00:13:31.656,hero_pudge,28
00:13:31.656,hero_dazzle,28
00:13:32.156,hero_phoenix,57
00:13:41.087,hero_phoenix,57
00:13:42.587,hero_abaddon,28
00:13:42.587,hero_lone_druid,28
00:13:46.286,hero_lone_druid,38
00:13:46.286,hero_abaddon,38
00:13:47.852,hero_phoenix,57
00:13:48.052,hero_lone_druid,28
00:13:48.052,hero_abaddon,28
00:13:49.019,hero_pudge,27
00:13:49.185,hero_phoenix,57
00:13:49.918,hero_morphling,57
00:13:52.618,hero_phoenix,77
00:13:56.250,hero_lone_druid,57
00:13:58.316,hero_morphling,57
00:14:00.483,hero_morphling,57
00:14:01.382,hero_lone_druid,57
00:14:02.749,hero_morphling,77
00:14:03.215,hero_lone_druid,57
00:14:07.148,hero_morphling,57
00:14:08.114,hero_abaddon,47
00:14:10.480,hero_abaddon,31
00:14:10.980,hero_morphling,57
00:14:11.680,hero_lone_druid,57
00:14:14.213,hero_phoenix,28
00:14:14.213,hero_monkey_king,28
00:14:16.179,hero_lone_druid,77
00:14:16.545,hero_morphling,22
00:14:18.212,hero_pudge,22
00:14:19.178,hero_dark_willow,28
00:14:19.178,hero_monkey_king,28
00:14:20.878,hero_morphling,77
00:14:24.910,hero_huskar,31
00:14:25.077,hero_huskar,47
00:14:27.009,hero_huskar,31
00:14:27.076,hero_monkey_king,28
00:14:27.076,hero_dark_willow,28
00:14:28.442,hero_lone_druid,28
00:14:28.442,hero_abaddon,28
00:14:29.076,hero_abaddon,57
00:14:31.242,hero_dark_willow,38
00:14:31.242,hero_monkey_king,38
00:14:31.642,hero_phoenix,83
00:14:31.642,hero_abaddon,83
00:14:31.642,hero_lone_druid,83
00:14:32.741,hero_morphling,91
00:14:34.141,hero_huskar,91
00:14:36.174,hero_monkey_king,57
00:14:38.173,hero_morphling,67
00:14:39.673,hero_huskar,91
00:14:40.873,hero_monkey_king,57
00:14:41.039,hero_phoenix,57
00:14:42.106,hero_phoenix,77
00:14:42.939,hero_phoenix,57
00:14:44.105,hero_huskar,47
00:14:44.672,hero_huskar,67
00:14:45.238,hero_dazzle,57
00:14:45.305,hero_phoenix,57
00:14:46.005,hero_huskar,31
00:14:46.205,hero_dazzle,22
00:14:48.104,hero_monkey_king,57
00:14:54.336,hero_dazzle,57
00:14:55.169,hero_dark_willow,77
00:14:58.702,hero_pudge,57
00:14:59.468,hero_dazzle,15
00:14:59.468,hero_huskar,15
00:14:59.601,hero_phoenix,33
00:14:59.601,hero_monkey_king,33
00:15:00.168,hero_morphling,25
00:15:00.168,hero_huskar,25
00:15:00.168,hero_dazzle,25
00:15:00.201,hero_huskar,23
00:15:00.201,hero_dazzle,23
00:15:01.068,hero_huskar,31
00:15:01.568,hero_huskar,11
00:15:01.568,hero_dazzle,11
00:15:01.568,hero_morphling,11
00:15:01.568,hero_dark_willow,11
00:15:02.867,hero_pudge,57
00:15:03.934,hero_monkey_king,23
00:15:03.934,hero_phoenix,23
00:15:04.534,hero_lone_druid,91
00:15:05.167,hero_dazzle,28
00:15:05.167,hero_morphling,28
00:15:05.900,hero_pudge,57
00:15:06.100,hero_monkey_king,47
00:15:08.299,hero_dazzle,28
00:15:08.299,hero_morphling,28
00:15:09.066,hero_pudge,77
00:15:10.532,hero_pudge,77
00:15:11.232,hero_phoenix,57
00:15:12.365,hero_morphling,57
00:15:12.365,hero_pudge,77
00:15:12.732,hero_huskar,150
00:15:12.732,hero_dazzle,150
00:15:12.732,hero_pudge,150
00:15:12.732,hero_silencer,150
00:15:12.732,hero_morphling,150
00:15:12.732,hero_lone_druid,150
00:15:12.732,hero_dark_willow,150
00:15:12.732,hero_phoenix,150
00:15:12.732,hero_monkey_king,150
00:15:12.732,hero_abaddon,150
00:15:12.998,hero_phoenix,77
00:15:13.065,hero_lone_druid,91
00:15:14.498,hero_monkey_king,31
00:15:15.231,hero_silencer,57
00:15:17.664,hero_monkey_king,31
00:15:21.396,hero_phoenix,28
00:15:21.396,hero_dark_willow,28
00:15:22.629,hero_dazzle,30
00:15:23.596,hero_silencer,57
00:15:23.929,hero_phoenix,57
00:15:24.029,hero_silencer,77
00:15:25.395,hero_silencer,57
00:15:27.928,hero_lone_druid,30
00:15:28.128,hero_morphling,91
00:15:28.328,hero_monkey_king,91
00:15:29.328,hero_pudge,57
00:15:31.160,hero_morphling,31
00:15:34.393,hero_silencer,28
00:15:34.393,hero_huskar,28
00:15:35.559,hero_phoenix,57
00:15:37.392,hero_monkey_king,47
00:15:37.959,hero_dark_willow,57
00:15:38.725,hero_huskar,77
00:15:40.092,hero_pudge,700
00:15:40.425,hero_dark_willow,57
00:15:40.525,hero_phoenix,57
00:15:41.091,hero_huskar,28
00:15:41.091,hero_silencer,28
00:15:41.658,hero_monkey_king,31
00:15:42.224,hero_huskar,28
00:15:42.224,hero_silencer,28
00:15:42.524,hero_monkey_king,47
00:15:42.624,hero_morphling,91
00:15:42.691,hero_monkey_king,31
00:15:44.724,hero_phoenix,57
00:15:45.257,hero_morphling,19
00:15:45.857,hero_dark_willow,77
00:15:47.956,hero_morphling,19
00:15:48.956,hero_phoenix,77
00:15:53.388,hero_pudge,144
00:15:53.388,hero_dazzle,144
00:15:53.388,hero_huskar,144
00:15:59.720,hero_pudge,19
00:15:59.720,hero_huskar,19
00:15:59.720,hero_dazzle,19
00:16:01.186,hero_dazzle,19
00:16:01.186,hero_huskar,19
00:16:01.186,hero_pudge,19
00:16:02.353,hero_dark_willow,264
00:16:03.019,hero_monkey_king,67
00:16:03.053,hero_pudge,38
00:16:03.053,hero_huskar,38
00:16:03.453,hero_pudge,38
00:16:03.453,hero_huskar,38
00:16:04.719,hero_phoenix,57
00:16:04.819,hero_phoenix,77
00:16:04.985,hero_huskar,28
00:16:04.985,hero_pudge,28
00:16:05.219,hero_monkey_king,91
00:16:05.252,hero_phoenix,88
00:16:05.819,hero_phoenix,57
00:16:06.985,hero_phoenix,57
00:16:07.951,hero_pudge,44
00:16:07.951,hero_huskar,44
00:16:09.784,hero_morphling,57
00:16:12.350,hero_abaddon,31
00:16:12.350,hero_abaddon,31
00:16:13.183,hero_abaddon,31
00:16:14.083,hero_monkey_king,57
00:16:15.216,hero_monkey_king,77
00:16:16.716,hero_monkey_king,57
00:16:16.949,hero_huskar,57
00:16:17.149,hero_huskar,77
00:16:20.182,hero_huskar,57
00:16:21.082,hero_dazzle,28
00:16:21.082,hero_morphling,28
00:16:22.548,hero_huskar,57
00:16:25.980,hero_pudge,57
00:16:26.147,hero_morphling,28
00:16:26.147,hero_dazzle,28
00:16:26.947,hero_dazzle,38
00:16:26.947,hero_morphling,38
00:16:28.780,hero_pudge,77
00:16:31.312,hero_pudge,77
00:16:31.712,hero_abaddon,28
00:16:31.712,hero_lone_druid,28
00:16:33.612,hero_monkey_king,57
00:16:33.645,hero_huskar,91
00:16:36.011,hero_huskar,19
00:16:36.544,hero_dazzle,33
00:16:36.544,hero_morphling,33
00:16:36.578,hero_monkey_king,77
00:16:37.044,hero_phoenix,57
00:16:37.578,hero_phoenix,57
00:16:37.911,hero_phoenix,57
00:16:37.977,hero_monkey_king,57
00:16:38.077,hero_abaddon,28
00:16:38.077,hero_lone_druid,28
00:16:38.077,hero_pudge,57
00:16:38.644,hero_huskar,19
00:16:39.410,hero_phoenix,77
00:16:40.144,hero_dazzle,9
00:16:40.144,hero_morphling,9
00:16:40.477,hero_monkey_king,57
00:16:40.677,hero_abaddon,38
00:16:40.677,hero_lone_druid,38
00:16:42.443,hero_morphling,45
00:16:42.443,hero_dazzle,45
00:16:42.443,hero_lone_druid,28
00:16:42.443,hero_abaddon,28
00:16:44.143,hero_pudge,57
00:16:45.276,hero_lone_druid,38
00:16:45.276,hero_abaddon,38
00:16:46.775,hero_pudge,77
00:16:49.208,hero_pudge,57
00:16:49.741,hero_morphling,15
00:16:49.741,hero_dazzle,15
00:16:50.141,hero_morphling,14
00:16:50.141,hero_dazzle,14
00:16:50.974,hero_monkey_king,88
00:16:51.074,hero_abaddon,28
00:16:51.074,hero_lone_druid,28
00:16:52.007,hero_pudge,88
00:16:52.707,hero_dazzle,15
00:16:52.707,hero_morphling,15
00:16:54.007,hero_lone_druid,28
00:16:54.007,hero_abaddon,28
00:16:56.040,hero_lone_druid,28
00:16:56.040,hero_abaddon,28
00:16:56.273,hero_monkey_king,57
00:16:57.039,hero_huskar,22
00:16:57.606,hero_abaddon,44
00:16:57.606,hero_lone_druid,44
00:16:58.706,hero_monkey_king,57
00:17:00.805,hero_lone_druid,38
00:17:00.805,hero_abaddon,38
00:17:02.005,hero_dark_willow,0
00:17:02.005,hero_phoenix,0
00:17:04.571,hero_monkey_king,57
00:17:06.837,hero_dark_willow,28
00:17:06.837,hero_phoenix,28
00:17:06.904,hero_monkey_king,77
00:17:07.637,hero_silencer,47
00:17:08.370,hero_dark_willow,38
00:17:08.370,hero_phoenix,38
00:17:09.170,hero_dark_willow,28
00:17:09.170,hero_phoenix,28
00:17:10.170,hero_phoenix,28
00:17:10.170,hero_dark_willow,28
00:17:12.402,hero_dark_willow,10
00:17:12.402,hero_morphling,10
00:17:12.402,hero_dazzle,10
00:17:12.869,hero_huskar,57
00:17:14.335,hero_huskar,475
00:17:16.035,hero_huskar,77
00:17:17.801,hero_huskar,57
00:17:18.301,hero_monkey_king,57
00:17:18.867,hero_huskar,77
00:17:20.634,hero_huskar,57
00:17:21.700,hero_huskar,57
00:17:21.767,hero_pudge,28
00:17:21.767,hero_dazzle,28
00:17:22.966,hero_monkey_king,57
00:17:23.033,hero_huskar,57
00:17:24.499,hero_silencer,14
00:17:24.499,hero_dazzle,14
00:17:24.499,hero_morphling,14
00:17:24.499,hero_pudge,14
00:17:25.433,hero_monkey_king,57
00:17:26.099,hero_silencer,14
00:17:26.099,hero_pudge,14
00:17:26.099,hero_dazzle,14
00:17:26.099,hero_morphling,14
00:17:27.599,hero_pudge,19
00:17:27.599,hero_morphling,19
00:17:27.599,hero_dazzle,19
00:17:27.599,hero_silencer,19
00:17:29.365,hero_monkey_king,77
00:17:30.465,hero_abaddon,57
00:17:34.097,hero_abaddon,77
00:17:35.164,hero_abaddon,57
00:17:36.230,hero_huskar,57
00:17:37.796,hero_morphling,91
00:17:38.796,hero_huskar,77
00:17:38.963,hero_huskar,637
00:17:40.129,hero_morphling,47
00:17:40.162,hero_huskar,77
00:17:40.229,hero_silencer,28
00:17:40.229,hero_pudge,28
00:17:41.329,hero_abaddon,57
00:17:42.228,hero_huskar,77
00:17:42.628,hero_morphling,47
00:17:43.761,hero_huskar,57
00:17:43.995,hero_silencer,38
00:17:43.995,hero_pudge,38
00:17:44.261,hero_pudge,28
00:17:44.261,hero_silencer,28
00:17:45.561,hero_huskar,57
00:17:46.661,hero_abaddon,57
00:17:46.727,hero_silencer,28
00:17:46.727,hero_pudge,28
00:17:47.527,hero_huskar,57
00:17:50.993,hero_morphling,16
00:17:50.993,hero_silencer,16
00:17:52.693,hero_abaddon,57
00:17:54.525,hero_silencer,16
00:17:54.525,hero_morphling,16
00:17:55.692,hero_morphling,8
00:17:55.692,hero_silencer,8
00:17:55.925,hero_huskar,47
00:17:56.225,hero_dazzle,91
00:17:56.325,hero_phoenix,57
00:17:56.725,hero_huskar,91
00:17:56.958,hero_morphling,17
00:17:56.992,hero_abaddon,57
00:17:57.558,hero_huskar,47
00:17:58.191,hero_morphling,17
00:17:58.891,hero_huskar,12
00:17:59.324,hero_morphling,17
00:17:59.391,hero_phoenix,57
00:17:59.691,hero_huskar,12
00:18:00.324,hero_lone_druid,32
00:18:01.091,hero_abaddon,77
00:18:01.257,hero_phoenix,77
00:18:03.856,hero_pudge,47
00:18:04.090,hero_pudge,31
00:18:04.856,hero_huskar,31
00:18:04.990,hero_lone_druid,32
00:18:05.223,hero_dark_willow,77
00:18:05.723,hero_huskar,19
00:18:06.689,hero_lone_druid,17
00:18:07.056,hero_huskar,19
00:18:07.422,hero_dark_willow,57
00:18:07.489,hero_huskar,9
00:18:07.489,hero_morphling,9
00:18:07.955,hero_phoenix,57
00:18:08.289,hero_morphling,9
00:18:08.289,hero_huskar,9
00:18:09.222,hero_lone_druid,17
00:18:10.155,hero_dark_willow,57
00:18:11.555,hero_lone_druid,17
00:18:12.288,hero_dazzle,57
00:18:12.488,hero_abaddon,57
00:18:12.854,hero_lone_druid,17
00:18:15.054,hero_monkey_king,19
00:18:16.520,hero_phoenix,57
00:18:16.687,hero_dazzle,77
00:18:16.920,hero_morphling,47
00:18:18.520,hero_huskar,77
00:18:18.686,hero_phoenix,57
00:18:19.853,hero_morphling,47
00:18:20.019,hero_huskar,57
00:18:20.952,hero_huskar,57
00:18:21.152,hero_huskar,57
00:18:22.385,hero_morphling,31
00:18:22.519,hero_dark_willow,28
00:18:22.519,hero_abaddon,28
00:18:22.585,hero_phoenix,77
00:18:23.452,hero_lone_druid,91
00:18:23.585,hero_morphling,31
00:18:24.118,hero_pudge,22
00:18:24.585,hero_abaddon,28
00:18:24.585,hero_dark_willow,28
00:18:25.418,hero_silencer,31
00:18:25.418,hero_silencer,31
00:18:27.417,hero_lone_druid,67
00:18:27.684,hero_dark_willow,38
00:18:27.684,hero_abaddon,38
00:18:30.983,hero_phoenix,57
00:18:32.616,hero_pudge,57
00:18:33.249,hero_silencer,47
00:18:33.483,hero_dazzle,28
00:18:33.483,hero_morphling,28
00:18:34.116,hero_lone_druid,31
00:18:34.349,hero_phoenix,77
00:18:34.582,hero_morphling,28
00:18:34.582,hero_dazzle,28
00:18:34.849,hero_phoenix,57
00:18:34.916,hero_morphling,38
00:18:34.916,hero_dazzle,38
00:18:35.882,hero_pudge,19
00:18:35.882,hero_dazzle,19
00:18:35.882,hero_morphling,19
00:18:37.015,hero_phoenix,57
00:18:37.382,hero_huskar,77
00:18:38.015,hero_lone_druid,47
00:18:38.181,hero_huskar,57
00:18:40.614,hero_lone_druid,31
00:18:45.246,hero_huskar,57
00:18:49.245,hero_abaddon,9
00:18:49.245,hero_lone_druid,9
00:18:49.479,hero_pudge,25
00:18:49.479,hero_morphling,25
00:18:49.479,hero_dazzle,25
00:18:51.545,hero_huskar,57
00:18:51.978,hero_monkey_king,774
00:18:51.978,hero_phoenix,774
00:18:52.078,hero_dazzle,14
00:18:52.078,hero_pudge,14
00:18:52.078,hero_silencer,14
00:18:52.078,hero_morphling,14
00:18:52.445,hero_lone_druid,9
00:18:52.445,hero_abaddon,9
00:18:53.311,hero_silencer,19
00:18:53.311,hero_pudge,19
00:18:53.311,hero_morphling,19
00:18:53.911,hero_lone_druid,15
00:18:53.911,hero_dark_willow,15
00:18:54.811,hero_lone_druid,9
00:18:54.811,hero_dark_willow,9
00:18:55.144,hero_morphling,57
00:18:55.177,hero_monkey_king,28
00:18:55.177,hero_phoenix,28
00:18:56.544,hero_dark_willow,6
00:18:56.544,hero_lone_druid,6
00:18:56.544,hero_abaddon,6
00:18:59.210,hero_monkey_king,28
00:18:59.210,hero_phoenix,28
00:18:59.276,hero_phoenix,28
00:18:59.276,hero_monkey_king,28
00:19:00.576,hero_phoenix,38
00:19:00.576,hero_monkey_king,38
00:19:06.275,hero_abaddon,197
00:19:06.275,hero_dark_willow,197
00:19:06.275,hero_lone_druid,197
00:19:09.007,hero_dark_willow,77
00:19:13.673,hero_silencer,331
00:19:13.673,hero_dazzle,331
00:19:13.673,hero_morphling,331
00:19:16.639,hero_phoenix,28
00:19:16.639,hero_monkey_king,28
00:19:17.472,hero_abaddon,57
00:19:18.338,hero_abaddon,179
00:19:18.338,hero_lone_druid,179
00:19:18.772,hero_morphling,57
00:19:21.138,hero_morphling,247
00:19:21.138,hero_dazzle,247
00:19:22.137,hero_phoenix,28
00:19:22.137,hero_monkey_king,28
00:19:25.170,hero_monkey_king,28
00:19:25.170,hero_phoenix,28
00:19:28.103,hero_monkey_king,57
00:19:31.335,hero_phoenix,77
00:19:34.334,hero_monkey_king,57
00:19:37.067,hero_monkey_king,77
00:19:39.033,hero_morphling,150
00:19:39.033,hero_dazzle,150
00:19:40.433,hero_phoenix,19
00:19:40.433,hero_phoenix,19
00:19:43.965,hero_huskar,77
00:19:45.632,hero_morphling,38
00:19:45.632,hero_dazzle,38
00:19:48.364,hero_huskar,57
00:19:48.364,hero_huskar,77
00:19:48.364,hero_huskar,77
00:19:48.364,hero_huskar,57
00:19:48.664,hero_morphling,57
00:19:49.431,hero_phoenix,31
00:19:50.197,hero_huskar,57
00:19:51.530,hero_morphling,28
00:19:51.530,hero_dazzle,28
00:19:53.396,hero_dazzle,28
00:19:53.396,hero_morphling,28
00:19:54.863,hero_phoenix,31
00:19:55.862,hero_phoenix,91
00:19:56.296,hero_morphling,77
00:20:00.228,hero_dark_willow,11
00:20:00.228,hero_monkey_king,11
00:20:00.228,hero_abaddon,11
00:20:00.228,hero_dazzle,11
00:20:00.628,hero_abaddon,2
00:20:00.628,hero_dazzle,2
00:20:00.628,hero_monkey_king,2
00:20:00.628,hero_morphling,2
00:20:00.628,hero_dark_willow,2
00:20:00.628,hero_monkey_king,2
00:20:00.628,hero_dazzle,2
00:20:00.628,hero_dark_willow,2
00:20:00.628,hero_morphling,2
00:20:00.628,hero_abaddon,2
00:20:01.894,hero_phoenix,47
00:20:02.594,hero_monkey_king,9
00:20:02.594,hero_morphling,9
00:20:02.594,hero_dazzle,9
00:20:02.594,hero_dark_willow,9
00:20:02.594,hero_abaddon,9
00:20:03.094,hero_huskar,67
00:20:03.161,hero_huskar,91
00:20:03.827,hero_lone_druid,91
00:20:04.260,hero_lone_druid,19
00:20:05.194,hero_monkey_king,163
00:20:05.194,hero_abaddon,163
00:20:05.194,hero_dark_willow,163
00:20:06.593,hero_dark_willow,22
00:20:06.593,hero_abaddon,22
00:20:06.593,hero_morphling,22
00:20:06.593,hero_monkey_king,22
00:20:06.726,hero_lone_druid,19
00:20:06.760,hero_phoenix,57
00:20:13.858,hero_phoenix,77
00:20:15.291,hero_lone_druid,93
00:20:15.624,hero_phoenix,57
00:20:16.357,hero_phoenix,77
00:20:16.657,hero_phoenix,57
00:20:16.891,hero_lone_druid,32
00:20:17.357,hero_phoenix,57
00:20:17.957,hero_huskar,10
00:20:17.957,hero_monkey_king,10
00:20:17.957,hero_dark_willow,10
00:20:20.490,hero_monkey_king,10
00:20:20.490,hero_abaddon,10
00:20:20.490,hero_dark_willow,10
00:20:25.888,hero_huskar,16
00:20:25.888,hero_morphling,16
00:20:26.022,hero_lone_druid,93
00:20:27.488,hero_lone_druid,32
00:20:27.621,hero_silencer,16
00:20:27.621,hero_morphling,16
00:20:28.188,hero_lone_druid,32
00:20:28.688,hero_morphling,8
00:20:28.688,hero_silencer,8
00:20:29.821,hero_morphling,8
00:20:29.821,hero_silencer,8
00:20:30.921,hero_morphling,8
00:20:30.921,hero_silencer,8
00:20:31.254,hero_monkey_king,93
00:20:32.187,hero_morphling,17
00:20:34.986,hero_lone_druid,68
00:20:37.519,hero_lone_druid,48
00:20:40.352,hero_lone_druid,48
00:20:40.752,hero_huskar,57
00:20:40.851,hero_pudge,77
00:20:41.585,hero_morphling,93
00:20:44.384,hero_huskar,57
00:20:44.717,hero_morphling,48
00:20:45.984,hero_morphling,32
00:20:45.984,hero_huskar,57
00:20:47.750,hero_pudge,57
00:20:47.950,hero_huskar,77
00:20:49.249,hero_huskar,77
00:20:50.016,hero_pudge,57
00:20:50.382,hero_huskar,57
00:20:51.649,hero_lone_druid,57
00:20:53.715,hero_lone_druid,77
00:20:53.882,hero_silencer,16
00:20:53.882,hero_dazzle,16
00:20:53.882,hero_morphling,16
00:20:54.282,hero_pudge,57
00:20:54.481,hero_lone_druid,57
00:20:55.415,hero_silencer,44
00:20:55.415,hero_huskar,44
00:20:55.615,hero_pudge,57
00:20:56.214,hero_lone_druid,57
00:20:58.114,hero_lone_druid,57
00:20:58.247,hero_dazzle,31
00:20:58.247,hero_dark_willow,31
00:20:58.247,hero_morphling,31
00:20:59.547,hero_phoenix,19
00:20:59.547,hero_monkey_king,19
00:20:59.547,hero_abaddon,19
00:21:00.113,hero_pudge,77
00:21:00.513,hero_lone_druid,77
00:21:00.780,hero_abaddon,21
00:21:00.780,hero_phoenix,21
00:21:00.780,hero_dark_willow,21
00:21:00.780,hero_monkey_king,21
00:21:06.978,hero_lone_druid,88
00:21:10.877,hero_lone_druid,85
00:21:11.277,hero_pudge,460
00:21:11.277,hero_huskar,460
00:21:11.277,hero_pudge,0
00:21:11.277,hero_huskar,0
00:21:11.511,hero_lone_druid,57
00:21:13.444,hero_dark_willow,186
00:21:13.444,hero_monkey_king,186
00:21:13.510,hero_monkey_king,22
00:21:13.577,hero_lone_druid,57
00:21:14.710,hero_monkey_king,57
00:21:15.543,hero_lone_druid,57
00:21:17.043,hero_lone_druid,57
00:21:19.075,hero_dark_willow,8
00:21:19.075,hero_morphling,8
00:21:19.075,hero_monkey_king,8
00:21:19.075,hero_dazzle,8
00:21:19.942,hero_dark_willow,28
00:21:19.942,hero_monkey_king,28
00:21:21.508,hero_monkey_king,28
00:21:21.508,hero_dark_willow,28
00:21:25.507,hero_pudge,14
00:21:25.507,hero_huskar,14
00:21:25.507,hero_morphling,14
00:21:25.507,hero_dazzle,14
00:21:27.273,hero_lone_druid,0
00:21:29.273,hero_huskar,14
00:21:29.273,hero_pudge,14
00:21:29.273,hero_morphling,14
00:21:29.273,hero_dazzle,14
00:21:29.273,hero_morphling,13
00:21:29.273,hero_huskar,13
00:21:29.273,hero_monkey_king,13
00:21:29.273,hero_dazzle,13
00:21:29.273,hero_pudge,13
00:21:29.273,hero_abaddon,13
00:21:29.273,hero_dark_willow,13
00:21:30.473,hero_pudge,220
00:21:30.473,hero_huskar,220
00:21:30.473,hero_morphling,220
00:21:30.473,hero_dazzle,220
00:21:30.639,hero_dazzle,14
00:21:30.639,hero_morphling,14
00:21:30.639,hero_pudge,14
00:21:30.639,hero_huskar,14
00:21:32.439,hero_dark_willow,368
00:21:32.439,hero_abaddon,368
00:21:37.004,hero_lone_druid,93
00:21:37.271,hero_dazzle,192
00:21:37.271,hero_huskar,192
00:21:37.271,hero_morphling,192
00:21:37.638,hero_morphling,19
00:21:37.638,hero_huskar,19
00:21:37.638,hero_dazzle,19
00:21:38.737,hero_huskar,28
00:21:38.737,hero_morphling,28
00:21:38.737,hero_dazzle,28
00:21:40.737,hero_lone_druid,68
00:21:45.136,hero_huskar,57
00:21:45.769,hero_morphling,32
00:21:46.269,hero_lone_druid,32
00:21:46.969,hero_huskar,57
00:21:47.535,hero_huskar,85
00:21:47.935,hero_morphling,48
00:21:48.368,hero_lone_druid,32
00:21:48.868,hero_huskar,57
00:21:50.301,hero_lone_druid,32
00:21:50.668,hero_silencer,57
00:21:51.134,hero_morphling,32
00:21:55.900,hero_silencer,77
00:21:58.099,hero_silencer,85
00:21:58.699,hero_lone_druid,32
00:22:00.499,hero_morphling,98
00:22:01.498,hero_huskar,48
00:22:03.365,hero_lone_druid,32
00:22:04.131,hero_dazzle,16
00:22:04.131,hero_huskar,16
00:22:04.364,hero_lone_druid,48
00:22:04.864,hero_silencer,85
00:22:06.631,hero_huskar,16
00:22:06.631,hero_dazzle,16
00:22:07.997,hero_silencer,57
00:22:10.196,hero_morphling,128
00:22:10.996,hero_monkey_king,57
00:22:11.229,hero_silencer,57
00:22:12.029,hero_monkey_king,57
00:22:12.929,hero_phoenix,46
00:22:12.929,hero_lone_druid,46
00:22:13.229,hero_monkey_king,85
00:22:13.329,hero_morphling,98
00:22:13.396,hero_huskar,93
00:22:13.396,hero_huskar,48
00:22:13.396,hero_huskar,48
00:22:13.496,hero_monkey_king,77
00:22:14.095,hero_monkey_king,85
00:22:14.262,hero_silencer,57
00:22:14.862,hero_dazzle,19
00:22:16.861,hero_lone_druid,48
00:22:17.661,hero_huskar,28
00:22:17.661,hero_silencer,28
00:22:17.661,hero_monkey_king,88
00:22:18.561,hero_lone_druid,32
00:22:21.360,hero_morphling,19
00:22:22.893,hero_morphling,19
00:22:23.893,hero_morphling,19
00:22:23.960,hero_dark_willow,284
00:22:23.960,hero_phoenix,284
00:22:24.226,hero_monkey_king,57
00:22:24.926,hero_morphling,19
00:22:26.359,hero_silencer,42
00:22:26.359,hero_huskar,42
00:22:26.492,hero_morphling,32
00:22:27.092,hero_monkey_king,85
00:22:28.225,hero_silencer,28
00:22:28.225,hero_huskar,28
00:22:30.691,hero_monkey_king,57
00:22:31.258,hero_silencer,28
00:22:31.258,hero_huskar,28
00:22:31.858,hero_huskar,28
00:22:31.858,hero_silencer,28
00:22:33.157,hero_monkey_king,57
00:22:33.491,hero_huskar,28
00:22:33.491,hero_silencer,28
00:22:34.524,hero_morphling,93
00:22:35.857,hero_monkey_king,57
00:22:36.090,hero_morphling,32
00:22:36.290,hero_huskar,44
00:22:36.290,hero_silencer,44
00:22:37.590,hero_morphling,32
00:22:39.656,hero_lone_druid,16
00:22:39.656,hero_dark_willow,16
00:22:39.689,hero_pudge,33
00:22:40.022,hero_pudge,33
00:22:40.189,hero_lone_druid,16
00:22:40.189,hero_dark_willow,16
00:22:40.389,hero_phoenix,57
00:22:40.856,hero_phoenix,57
00:22:41.055,hero_dark_willow,46
00:22:41.055,hero_lone_druid,46
00:22:41.622,hero_pudge,17
00:22:43.222,hero_pudge,17
00:22:43.222,hero_pudge,17
00:22:43.455,hero_pudge,17
00:22:45.288,hero_phoenix,57
00:22:46.354,hero_phoenix,57
00:22:48.054,hero_monkey_king,57
00:22:49.687,hero_dark_willow,16
00:22:49.687,hero_silencer,16
00:22:49.687,hero_huskar,16
00:22:50.253,hero_phoenix,85
00:22:51.320,hero_huskar,16
00:22:51.320,hero_silencer,16
00:22:51.320,hero_dark_willow,16
00:22:51.553,hero_monkey_king,57
00:22:51.986,hero_lone_druid,17
00:22:51.986,hero_huskar,17
00:22:51.986,hero_dark_willow,17
00:22:51.986,hero_silencer,17
00:22:52.453,hero_dark_willow,235
00:22:52.453,hero_lone_druid,235
00:22:54.586,hero_morphling,57
00:22:57.618,hero_monkey_king,57
00:22:59.818,hero_lone_druid,57
00:23:00.251,hero_huskar,16
00:23:00.251,hero_pudge,16
00:23:00.517,hero_lone_druid,57
00:23:01.617,hero_abaddon,28
00:23:01.617,hero_monkey_king,28
00:23:02.317,hero_lone_druid,57
00:23:03.983,hero_lone_druid,85
00:23:04.983,hero_lone_druid,85
00:23:06.283,hero_monkey_king,42
00:23:06.283,hero_abaddon,42
00:23:06.549,hero_pudge,19
00:23:06.549,hero_morphling,19
00:23:06.549,hero_dazzle,19
00:23:06.849,hero_huskar,57
00:23:07.516,hero_dazzle,28
00:23:07.516,hero_morphling,28
00:23:07.516,hero_pudge,28
00:23:07.916,hero_morphling,19
00:23:07.916,hero_dazzle,19
00:23:07.916,hero_pudge,19
00:23:08.382,hero_lone_druid,85
00:23:08.515,hero_dazzle,19
00:23:08.515,hero_morphling,19
00:23:08.515,hero_pudge,19
00:23:10.715,hero_lone_druid,57
00:23:10.715,hero_monkey_king,383
00:23:10.715,hero_abaddon,383
00:23:13.048,hero_lone_druid,57
00:23:15.714,hero_lone_druid,57
00:23:16.014,hero_lone_druid,57
00:23:16.114,hero_huskar,28
00:23:16.114,hero_dazzle,28
00:23:16.114,hero_morphling,28
00:23:16.647,hero_dazzle,19
00:23:16.647,hero_morphling,19
00:23:16.647,hero_huskar,19
00:23:20.912,hero_dazzle,28
00:23:20.912,hero_huskar,28
00:23:21.512,hero_dazzle,28
00:23:21.512,hero_huskar,28
00:23:23.378,hero_morphling,28
00:23:23.378,hero_huskar,28
00:23:23.378,hero_dazzle,28
00:23:24.078,hero_huskar,28
00:23:24.078,hero_dazzle,28
00:23:29.910,hero_dazzle,24
00:23:29.910,hero_huskar,24
00:23:31.377,hero_huskar,46
00:23:31.377,hero_dazzle,46
00:23:32.376,hero_dazzle,24
00:23:32.376,hero_huskar,24
00:23:32.610,hero_dazzle,6
00:23:32.610,hero_huskar,6
00:23:34.242,hero_huskar,12
00:23:34.242,hero_silencer,57
00:23:34.742,hero_lone_druid,33
00:23:36.575,hero_lone_druid,33
00:23:36.875,hero_silencer,57
00:23:37.575,hero_lone_druid,17
00:23:37.842,hero_silencer,57
00:23:39.075,hero_lone_druid,17
00:23:40.308,hero_silencer,85
00:23:40.774,hero_lone_druid,17
00:23:41.041,hero_huskar,16
00:23:41.041,hero_dazzle,16
00:23:41.241,hero_dazzle,16
00:23:41.241,hero_huskar,16
00:23:41.307,hero_silencer,85
00:23:41.374,hero_monkey_king,93
00:23:41.474,hero_lone_druid,17
00:23:41.541,hero_silencer,57
00:23:41.974,hero_monkey_king,19
00:23:42.274,hero_huskar,16
00:23:42.274,hero_dazzle,16
00:23:42.840,hero_monkey_king,19
00:23:46.073,hero_huskar,80
00:23:46.073,hero_dazzle,80
00:23:46.240,hero_morphling,57
00:23:48.039,hero_morphling,85
00:23:48.939,hero_morphling,57
00:23:50.072,hero_lone_druid,0
00:23:50.139,hero_morphling,57
00:23:51.138,hero_morphling,57
00:23:54.771,hero_dazzle,16
00:23:54.771,hero_huskar,16
00:23:56.337,hero_phoenix,16
00:23:56.337,hero_monkey_king,16
00:23:56.337,hero_dark_willow,16
00:23:57.437,hero_lone_druid,85
00:23:57.470,hero_huskar,16
00:23:57.470,hero_dazzle,16
00:23:58.737,hero_dazzle,8
00:23:58.737,hero_huskar,8
00:23:59.536,hero_phoenix,24
00:23:59.536,hero_monkey_king,24
00:24:02.402,hero_abaddon,0
00:24:02.402,hero_dark_willow,0
00:24:02.436,hero_huskar,8
00:24:02.436,hero_dazzle,8
00:24:03.069,hero_huskar,8
00:24:03.069,hero_dazzle,8
00:24:03.702,hero_huskar,5
00:24:03.702,hero_abaddon,5
00:24:03.702,hero_dazzle,5
00:24:05.601,hero_lone_druid,93
00:24:07.068,hero_lone_druid,68
00:24:10.634,hero_monkey_king,57
00:24:12.067,hero_dazzle,19
00:24:12.200,hero_monkey_king,85
00:24:13.733,hero_lone_druid,32
00:24:13.933,hero_monkey_king,85
00:24:14.866,hero_abaddon,28
00:24:14.866,hero_phoenix,28
00:24:14.866,hero_monkey_king,700
00:24:15.532,hero_lone_druid,19
00:24:15.666,hero_lone_druid,19
00:24:15.899,hero_huskar,32
00:24:15.899,hero_huskar,32
00:24:15.899,hero_huskar,48
00:24:15.899,hero_huskar,32
00:24:15.899,hero_huskar,32
00:24:15.899,hero_huskar,48
00:24:16.299,hero_morphling,57
00:24:16.799,hero_phoenix,19
00:24:16.799,hero_dark_willow,19
00:24:16.799,hero_abaddon,19
00:24:16.999,hero_silencer,32
00:24:17.165,hero_morphling,57
00:24:17.265,hero_lone_druid,19
00:24:17.932,hero_phoenix,19
00:24:17.932,hero_abaddon,19
00:24:17.932,hero_dark_willow,19
00:24:18.065,hero_lone_druid,19
00:24:18.265,hero_morphling,85
00:24:18.865,hero_abaddon,28
00:24:18.865,hero_dark_willow,28
00:24:18.865,hero_phoenix,28
00:24:19.098,hero_pudge,24
00:24:19.098,hero_huskar,24
00:24:19.631,hero_morphling,57
00:24:20.398,hero_monkey_king,85
00:24:22.297,hero_dazzle,164
00:24:23.830,hero_silencer,28
00:24:23.830,hero_morphling,28
00:24:24.763,hero_dazzle,0
00:24:24.963,hero_morphling,42
00:24:24.963,hero_silencer,42
00:24:24.963,hero_monkey_king,57
00:24:25.463,hero_monkey_king,57
00:24:26.930,hero_pudge,9
00:24:26.930,hero_huskar,9
00:24:26.963,hero_huskar,9
00:24:26.963,hero_pudge,9
00:24:28.063,hero_morphling,57
00:24:28.563,hero_morphling,57
00:24:28.796,hero_monkey_king,57
00:24:28.929,hero_pudge,93
00:24:29.296,hero_huskar,57
00:24:29.696,hero_lone_druid,93
00:24:29.829,hero_morphling,57
00:24:30.895,hero_huskar,57
00:24:31.029,hero_monkey_king,57
00:24:31.695,hero_lone_druid,19
00:24:32.595,hero_huskar,85
00:24:34.195,hero_lone_druid,19
00:24:34.261,hero_dazzle,32
00:24:34.261,hero_dazzle,32
00:24:34.928,hero_morphling,166
00:24:35.894,hero_dazzle,48
00:24:36.094,hero_pudge,24
00:24:36.094,hero_dazzle,24
00:24:37.094,hero_monkey_king,19
00:24:37.394,hero_monkey_king,19
00:24:39.826,hero_lone_druid,48
00:24:39.893,hero_pudge,57
00:24:39.893,hero_silencer,16
00:24:39.893,hero_abaddon,16
00:24:39.893,hero_lone_druid,32
00:24:40.226,hero_lone_druid,48
00:24:40.726,hero_lone_druid,32
00:24:41.959,hero_morphling,57
00:24:42.459,hero_monkey_king,93
00:24:43.326,hero_silencer,32
00:24:44.059,hero_abaddon,28
00:24:44.059,hero_phoenix,28
00:24:44.459,hero_huskar,93
00:24:44.459,hero_huskar,93
00:24:44.459,hero_huskar,32
00:24:45.392,hero_huskar,32
00:24:46.858,hero_huskar,48
00:24:47.125,hero_dark_willow,28
00:24:47.125,hero_phoenix,28
00:24:47.125,hero_abaddon,28
00:24:47.325,hero_abaddon,28
00:24:47.325,hero_phoenix,28
00:24:47.325,hero_dark_willow,28
00:24:47.525,hero_abaddon,19
00:24:47.525,hero_phoenix,19
00:24:47.525,hero_dark_willow,19
00:24:47.924,hero_abaddon,19
00:24:47.924,hero_dark_willow,19
00:24:47.924,hero_phoenix,19
00:24:47.991,hero_pudge,57
00:24:48.724,hero_dark_willow,19
00:24:48.724,hero_phoenix,19
00:24:48.724,hero_abaddon,19
00:24:49.024,hero_abaddon,19
00:24:49.024,hero_phoenix,19
00:24:49.024,hero_dark_willow,19
00:24:49.657,hero_phoenix,569
00:24:49.657,hero_dark_willow,569
00:24:49.657,hero_abaddon,569
00:24:52.290,hero_monkey_king,57
00:24:52.723,hero_monkey_king,57
00:24:55.056,hero_monkey_king,57
00:24:55.756,hero_silencer,57
00:24:56.889,hero_dazzle,57
00:24:56.922,hero_huskar,32
00:24:56.956,hero_dazzle,57
00:24:57.389,hero_lone_druid,137
00:24:57.389,hero_abaddon,137
00:24:57.389,hero_dark_willow,137
00:24:57.389,hero_phoenix,137
00:24:57.489,hero_huskar,93
00:24:58.589,hero_monkey_king,57
00:24:58.988,hero_dazzle,42
00:24:58.988,hero_pudge,42
00:25:00.621,hero_monkey_king,85
00:25:01.554,hero_lone_druid,23
00:25:01.554,hero_dark_willow,23
00:25:01.554,hero_phoenix,23
00:25:01.554,hero_abaddon,23
00:25:05.387,hero_pudge,46
00:25:05.387,hero_dazzle,46
00:25:05.387,hero_dazzle,34
00:25:05.387,hero_pudge,34
00:25:05.587,hero_huskar,85
00:25:05.953,hero_abaddon,0
00:25:10.786,hero_abaddon,57
00:25:12.718,hero_morphling,350
00:25:12.718,hero_silencer,350
00:25:12.718,hero_pudge,350
00:25:12.718,hero_dazzle,350
00:25:12.718,hero_huskar,350
00:25:12.718,hero_abaddon,350
00:25:12.718,hero_phoenix,350
00:25:12.718,hero_monkey_king,350
00:25:12.718,hero_lone_druid,350
00:25:12.718,hero_dark_willow,350
00:25:14.118,hero_dark_willow,57
00:25:14.651,hero_huskar,85
00:25:15.118,hero_huskar,57
00:25:15.984,hero_huskar,57
00:25:17.417,hero_abaddon,57
00:25:18.017,hero_huskar,57
00:25:18.617,hero_huskar,57
00:25:19.383,hero_dark_willow,28
00:25:19.383,hero_phoenix,28
00:25:20.017,hero_lone_druid,33
00:25:20.583,hero_lone_druid,33
00:25:21.150,hero_abaddon,57
00:25:21.583,hero_lone_druid,17
00:25:22.583,hero_lone_druid,17
00:25:23.682,hero_abaddon,57
00:25:24.016,hero_phoenix,28
00:25:24.016,hero_dark_willow,28
00:25:24.049,hero_lone_druid,17
00:25:24.316,hero_dark_willow,85
00:25:24.316,hero_phoenix,85
00:25:24.915,hero_lone_druid,17
00:25:25.382,hero_abaddon,85
00:25:27.448,hero_phoenix,42
00:25:27.448,hero_dark_willow,42
00:25:28.948,hero_pudge,68
00:25:29.481,hero_pudge,48
00:25:29.881,hero_huskar,48
00:25:29.881,hero_pudge,48
00:25:30.414,hero_dark_willow,42
00:25:30.414,hero_phoenix,42
00:25:32.680,hero_monkey_king,57
00:25:33.313,hero_huskar,93
00:25:33.580,hero_huskar,48
00:25:33.913,hero_phoenix,57
00:25:33.980,hero_huskar,12
00:25:34.580,hero_huskar,12
00:25:34.646,hero_phoenix,85
00:25:34.913,hero_phoenix,57
00:25:35.046,hero_phoenix,57
00:25:35.613,hero_monkey_king,57
00:25:36.013,hero_phoenix,57
00:25:36.946,hero_lone_druid,48
00:25:37.312,hero_monkey_king,57
00:25:37.412,hero_pudge,16
00:25:37.412,hero_dazzle,16
00:25:38.579,hero_lone_druid,32
00:25:39.145,hero_monkey_king,57
00:25:39.745,hero_pudge,24
00:25:39.745,hero_dazzle,24
00:25:39.778,hero_dazzle,46
00:25:39.778,hero_pudge,46
00:25:39.845,hero_huskar,48
00:25:40.912,hero_lone_druid,32
00:25:41.012,hero_huskar,32
00:25:41.545,hero_monkey_king,85
00:25:42.211,hero_huskar,32
00:25:47.010,hero_lone_druid,93
00:25:49.343,hero_morphling,28
00:25:49.343,hero_dazzle,28
00:25:49.376,hero_monkey_king,28
00:25:49.376,hero_dark_willow,28
00:25:49.776,hero_dazzle,42
00:25:49.776,hero_morphling,42
00:25:50.376,hero_dazzle,28
00:25:50.376,hero_morphling,28
00:25:50.576,hero_lone_druid,68
00:25:50.776,hero_silencer,32
00:25:51.242,hero_morphling,28
00:25:51.242,hero_dazzle,28
00:25:52.042,hero_dazzle,28
00:25:52.042,hero_morphling,28
00:25:52.542,hero_dark_willow,28
00:25:52.542,hero_monkey_king,28
00:25:53.309,hero_monkey_king,57
00:25:53.508,hero_huskar,49
00:25:53.508,hero_pudge,49
00:25:54.142,hero_pudge,64
00:25:54.142,hero_huskar,64
00:25:54.708,hero_silencer,93
00:25:55.375,hero_monkey_king,57
00:25:55.675,hero_morphling,88
00:25:56.474,hero_silencer,32
00:25:57.074,hero_huskar,98
00:25:58.474,hero_monkey_king,85
00:25:58.940,hero_dazzle,48
00:25:59.040,hero_dazzle,68
00:25:59.340,hero_silencer,57
00:26:00.273,hero_dazzle,48
00:26:00.340,hero_silencer,57
00:26:01.673,hero_lone_druid,32
00:26:02.473,hero_silencer,57
00:26:02.606,hero_silencer,57
00:26:03.606,hero_morphling,93
00:26:04.106,hero_lone_druid,93
00:26:04.339,hero_silencer,57
00:26:04.772,hero_dazzle,19
00:26:05.772,hero_morphling,19
00:26:06.239,hero_morphling,19
00:26:07.338,hero_silencer,85
00:26:07.805,hero_silencer,57
00:26:08.372,hero_lone_druid,32
00:26:08.705,hero_dark_willow,44
00:26:08.705,hero_monkey_king,44
00:26:11.104,hero_silencer,85
00:26:12.171,hero_silencer,85
00:26:14.070,hero_lone_druid,48
00:26:14.437,hero_huskar,85
00:26:15.103,hero_huskar,85
00:26:15.237,hero_lone_druid,93
00:26:15.770,hero_morphling,48
00:26:17.603,hero_morphling,48
00:26:18.636,hero_morphling,32
00:26:19.169,hero_pudge,16
00:26:19.169,hero_dazzle,16
00:26:19.535,hero_morphling,32
00:26:19.902,hero_lone_druid,93
00:26:20.802,hero_dazzle,10
00:26:20.802,hero_pudge,10
00:26:20.802,hero_abaddon,10
00:26:21.035,hero_pudge,10
00:26:21.035,hero_dazzle,10
00:26:21.035,hero_abaddon,10
00:26:21.468,hero_lone_druid,48
00:26:22.201,hero_phoenix,19
00:26:22.201,hero_dark_willow,19
00:26:22.201,hero_monkey_king,19
00:26:22.568,hero_monkey_king,19
00:26:22.568,hero_phoenix,19
00:26:22.568,hero_dark_willow,19
00:26:23.401,hero_monkey_king,19
00:26:23.401,hero_phoenix,19
00:26:23.401,hero_dark_willow,19
00:26:23.468,hero_lone_druid,48
00:26:24.568,hero_phoenix,19
00:26:24.568,hero_dark_willow,19
00:26:24.568,hero_monkey_king,19
00:26:25.367,hero_morphling,93
00:26:25.501,hero_dark_willow,28
00:26:25.501,hero_phoenix,28
00:26:25.501,hero_monkey_king,28
00:26:25.567,hero_lone_druid,33
00:26:26.634,hero_morphling,48
00:26:28.000,hero_morphling,48
00:26:28.400,hero_lone_druid,17
00:26:28.900,hero_dazzle,835
00:26:29.200,hero_lone_druid,17
00:26:30.399,hero_lone_druid,33
00:26:31.366,hero_silencer,44
00:26:31.366,hero_morphling,44
00:26:32.132,hero_lone_druid,17
00:26:32.799,hero_lone_druid,17
00:26:34.598,hero_morphling,28
00:26:34.598,hero_silencer,28
00:26:34.998,hero_silencer,28
00:26:34.998,hero_morphling,28
00:26:35.898,hero_morphling,28
00:26:35.898,hero_silencer,28
00:26:36.965,hero_morphling,28
00:26:36.965,hero_silencer,28
00:26:38.631,hero_morphling,85
00:26:39.830,hero_monkey_king,231
00:26:39.830,hero_abaddon,231
00:26:39.830,hero_phoenix,231
00:26:39.830,hero_dark_willow,231
00:26:44.663,hero_phoenix,28
00:26:44.663,hero_monkey_king,28
00:26:45.662,hero_monkey_king,28
00:26:45.662,hero_phoenix,28
00:26:46.795,hero_monkey_king,28
00:26:46.795,hero_phoenix,28
00:26:49.661,hero_dark_willow,28
00:26:49.661,hero_phoenix,28
00:26:49.661,hero_monkey_king,28
00:26:49.661,hero_phoenix,19
00:26:49.661,hero_monkey_king,19
00:26:49.661,hero_dark_willow,19
00:26:50.628,hero_abaddon,21
00:26:50.628,hero_dark_willow,21
00:26:50.628,hero_monkey_king,21
00:26:50.628,hero_phoenix,21
00:26:53.560,hero_morphling,57
00:26:53.727,hero_abaddon,14
00:26:53.727,hero_phoenix,14
00:26:53.727,hero_monkey_king,14
00:26:53.727,hero_dark_willow,14
00:26:53.760,hero_lone_druid,57
00:26:53.860,hero_phoenix,14
00:26:53.860,hero_dark_willow,14
00:26:53.860,hero_abaddon,14
00:26:53.860,hero_monkey_king,14
00:26:54.127,hero_monkey_king,14
00:26:54.127,hero_phoenix,14
00:26:54.127,hero_dark_willow,14
00:26:54.127,hero_abaddon,14
00:26:56.826,hero_abaddon,229
00:26:56.826,hero_phoenix,229
00:26:56.826,hero_monkey_king,229
00:26:56.826,hero_dark_willow,229
00:26:58.259,hero_monkey_king,14
00:26:58.259,hero_abaddon,14
00:26:58.259,hero_phoenix,14
00:26:58.259,hero_dark_willow,14
00:26:58.826,hero_lone_druid,57
00:27:02.125,hero_lone_druid,57
00:27:04.258,hero_morphling,57
00:27:05.258,hero_morphling,57
00:27:08.290,hero_lone_druid,85
00:27:08.790,hero_morphling,57
00:27:13.222,hero_morphling,85
00:27:13.756,hero_abaddon,42
00:27:13.756,hero_lone_druid,42
00:27:15.655,hero_abaddon,19
00:27:15.655,hero_lone_druid,19
00:27:15.655,hero_monkey_king,19
00:27:17.355,hero_lone_druid,19
00:27:17.355,hero_monkey_king,19
00:27:17.355,hero_abaddon,19
00:27:18.321,hero_monkey_king,19
00:27:18.321,hero_lone_druid,19
00:27:18.321,hero_abaddon,19
00:27:19.887,hero_lone_druid,28
00:27:19.887,hero_monkey_king,28
00:27:20.454,hero_phoenix,0
00:27:23.553,hero_dazzle,57
00:27:28.252,hero_dazzle,57
00:27:28.252,hero_dazzle,57
00:27:28.252,hero_dazzle,57
00:27:28.385,hero_lone_druid,93
00:27:28.752,hero_lone_druid,48
00:27:28.785,hero_monkey_king,660
00:27:28.785,hero_abaddon,660
00:27:30.085,hero_lone_druid,48
00:27:30.485,hero_dazzle,85
00:27:30.651,hero_dazzle,85
00:27:30.885,hero_monkey_king,10
00:27:30.885,hero_abaddon,10
00:27:30.885,hero_silencer,10
00:27:34.917,hero_lone_druid,32
00:27:36.550,hero_lone_druid,32
00:27:37.283,hero_dark_willow,976
00:27:38.150,hero_lone_druid,32
00:27:41.116,hero_dark_willow,57
00:27:42.982,hero_dark_willow,57
00:27:49.414,hero_lone_druid,95
00:27:49.847,hero_dark_willow,19
00:27:49.847,hero_monkey_king,19
00:27:49.847,hero_abaddon,19
00:27:50.913,hero_abaddon,19
00:27:50.913,hero_dark_willow,19
00:27:50.913,hero_monkey_king,19
00:27:51.146,hero_lone_druid,32
00:27:51.213,hero_huskar,890
00:27:52.846,hero_lone_druid,32
00:27:54.945,hero_lone_druid,49
00:27:56.812,hero_lone_druid,32
00:27:57.711,hero_lone_druid,32
00:27:58.011,hero_lone_druid,49
00:27:58.045,hero_phoenix,178
00:27:58.045,hero_monkey_king,178
00:27:58.045,hero_dark_willow,178
00:27:58.045,hero_abaddon,178
00:28:03.110,hero_dark_willow,31
00:28:03.110,hero_phoenix,31
00:28:03.110,hero_monkey_king,31
00:28:03.877,hero_phoenix,16
00:28:03.877,hero_monkey_king,16
00:28:03.877,hero_dark_willow,16
00:28:05.143,hero_phoenix,12
00:28:05.143,hero_pudge,12
00:28:05.143,hero_monkey_king,12
00:28:05.143,hero_dark_willow,12
00:28:05.276,hero_huskar,32
00:28:05.543,hero_dark_willow,28
00:28:05.543,hero_abaddon,28
00:28:06.009,hero_huskar,95
00:28:06.676,hero_lone_druid,95
00:28:08.409,hero_lone_druid,32
00:28:09.409,hero_dark_willow,14
00:28:09.409,hero_monkey_king,14
00:28:09.409,hero_abaddon,14
00:28:09.409,hero_phoenix,14
00:28:11.408,hero_abaddon,23
00:28:11.408,hero_monkey_king,23
00:28:11.408,hero_phoenix,23
00:28:11.408,hero_dark_willow,23
00:28:12.341,hero_abaddon,14
00:28:12.341,hero_monkey_king,14
00:28:12.341,hero_dark_willow,14
00:28:12.341,hero_phoenix,14
00:28:12.408,hero_abaddon,14
00:28:12.408,hero_phoenix,14
00:28:12.408,hero_dark_willow,14
00:28:12.408,hero_monkey_king,14
00:28:14.907,hero_huskar,57
00:28:17.973,hero_huskar,57
00:28:18.973,hero_huskar,85
00:28:18.973,hero_huskar,57
00:28:18.973,hero_huskar,57
00:28:18.973,hero_huskar,85
00:28:20.139,hero_lone_druid,32
00:28:20.639,hero_lone_druid,49
00:28:20.839,hero_lone_druid,32
00:28:22.205,hero_lone_druid,49
00:28:22.939,hero_monkey_king,14
00:28:22.939,hero_dark_willow,14
00:28:22.939,hero_phoenix,14
00:28:22.939,hero_abaddon,14
00:28:22.939,hero_abaddon,14
00:28:22.939,hero_dark_willow,14
00:28:22.939,hero_monkey_king,14
00:28:22.939,hero_phoenix,14
00:28:22.939,hero_monkey_king,31
00:28:22.939,hero_abaddon,31
00:28:22.939,hero_dark_willow,31
00:28:23.339,hero_monkey_king,14
00:28:23.339,hero_dark_willow,14
00:28:23.339,hero_phoenix,14
00:28:23.339,hero_abaddon,14
00:28:25.271,hero_dark_willow,19
00:28:25.271,hero_abaddon,19
00:28:25.271,hero_monkey_king,19
00:28:27.371,hero_lone_druid,95
00:28:29.370,hero_lone_druid,49
00:28:30.437,hero_morphling,57
00:28:32.770,hero_lone_druid,49
00:28:33.336,hero_lone_druid,49
00:28:33.436,hero_pudge,28
00:28:33.436,hero_morphling,28
00:28:35.736,hero_morphling,31
00:28:35.736,hero_pudge,31
00:28:35.736,hero_huskar,31
00:28:36.869,hero_lone_druid,69
00:28:39.535,hero_lone_druid,49
00:28:40.401,hero_monkey_king,11
00:28:40.401,hero_dark_willow,11
00:28:40.401,hero_abaddon,11
00:28:41.234,hero_dark_willow,6
00:28:41.234,hero_abaddon,6
00:28:41.234,hero_monkey_king,6
00:28:41.634,hero_pudge,34
00:28:41.634,hero_morphling,34
00:28:42.034,hero_dazzle,28
00:28:42.034,hero_huskar,28
00:28:43.434,hero_dark_willow,6
00:28:43.434,hero_abaddon,6
00:28:43.434,hero_monkey_king,6
00:28:43.467,hero_pudge,47
00:28:43.467,hero_morphling,47
00:28:43.734,hero_huskar,46
00:28:43.734,hero_dazzle,46
00:28:44.333,hero_huskar,19
00:28:44.333,hero_dazzle,19
00:28:44.333,hero_silencer,19
00:28:44.433,hero_silencer,19
00:28:44.433,hero_huskar,19
00:28:44.433,hero_dazzle,19
00:28:44.833,hero_dark_willow,16
00:28:44.833,hero_monkey_king,16
00:28:45.033,hero_silencer,19
00:28:45.033,hero_dazzle,19
00:28:45.033,hero_huskar,19
00:28:45.700,hero_dark_willow,9
00:28:45.700,hero_monkey_king,9
00:28:46.200,hero_lone_druid,49
00:28:47.599,hero_dark_willow,9
00:28:47.599,hero_monkey_king,9
00:28:48.832,hero_lone_druid,32
00:28:49.099,hero_dark_willow,0
00:28:49.099,hero_abaddon,0
00:28:51.365,hero_lone_druid,32
00:28:51.998,hero_silencer,23
00:28:51.998,hero_dazzle,23
00:28:51.998,hero_huskar,23
00:28:51.998,hero_morphling,23
00:28:52.998,hero_silencer,8
00:28:52.998,hero_morphling,8
00:28:52.998,hero_huskar,8
00:28:52.998,hero_dazzle,8
00:28:53.698,hero_monkey_king,32
00:28:53.698,hero_monkey_king,32
00:28:54.331,hero_monkey_king,49
00:28:55.864,hero_monkey_king,24
00:28:55.864,hero_phoenix,24
00:28:56.430,hero_lone_druid,95
00:28:57.530,hero_lone_druid,32
00:28:58.797,hero_lone_druid,32
00:29:08.761,hero_silencer,0
00:29:08.761,hero_dazzle,0
00:29:08.761,hero_morphling,0
00:29:08.761,hero_pudge,0
00:29:08.761,hero_huskar,0
00:29:08.827,hero_abaddon,17
00:29:08.827,hero_phoenix,17
00:29:08.827,hero_monkey_king,17
00:29:08.927,hero_lone_druid,57
00:29:09.094,hero_phoenix,17
00:29:09.094,hero_monkey_king,17
00:29:09.094,hero_abaddon,17
00:29:09.561,hero_monkey_king,33
00:29:09.561,hero_abaddon,33
00:29:09.561,hero_phoenix,33
00:29:10.460,hero_lone_druid,57
00:29:11.060,hero_lone_druid,57
00:29:11.827,hero_silencer,8
00:29:11.827,hero_huskar,8
00:29:11.827,hero_dazzle,8
00:29:11.827,hero_morphling,8
00:29:12.627,hero_silencer,10
00:29:12.627,hero_dazzle,10
00:29:12.627,hero_morphling,10
00:29:12.926,hero_lone_druid,93
00:29:13.526,hero_silencer,10
00:29:13.526,hero_dazzle,10
00:29:13.526,hero_morphling,10
00:29:15.393,hero_silencer,6
00:29:15.393,hero_morphling,6
00:29:15.393,hero_huskar,6
00:29:16.026,hero_huskar,6
00:29:16.026,hero_morphling,6
00:29:16.026,hero_silencer,6
00:29:16.526,hero_monkey_king,95
00:29:16.726,hero_silencer,31
00:29:16.726,hero_huskar,31
00:29:16.726,hero_morphling,31
00:29:18.825,hero_monkey_king,49
00:29:19.358,hero_monkey_king,32
00:29:20.358,hero_huskar,57
00:29:21.191,hero_dazzle,28
00:29:21.191,hero_huskar,28
00:29:22.391,hero_huskar,46
00:29:22.391,hero_dazzle,46
00:29:27.423,hero_monkey_king,32
00:29:28.423,hero_monkey_king,49
00:29:28.956,hero_monkey_king,32
00:29:31.888,hero_abaddon,46
00:29:31.888,hero_phoenix,46
00:29:32.588,hero_abaddon,42
00:29:32.588,hero_phoenix,42
00:29:32.855,hero_abaddon,28
00:29:32.855,hero_phoenix,28
00:29:32.888,hero_phoenix,46
00:29:32.888,hero_abaddon,46
00:29:32.888,hero_phoenix,46
00:29:32.888,hero_abaddon,46
00:29:32.922,hero_huskar,28
00:29:32.922,hero_morphling,28
00:29:33.088,hero_morphling,46
00:29:33.088,hero_huskar,46
00:29:33.088,hero_abaddon,28
00:29:33.088,hero_phoenix,28
00:29:33.555,hero_morphling,46
00:29:33.555,hero_huskar,46
00:29:33.588,hero_phoenix,28
00:29:33.588,hero_abaddon,28
00:29:33.721,hero_abaddon,28
00:29:33.721,hero_phoenix,28
00:29:34.621,hero_morphling,28
00:29:34.621,hero_huskar,28
00:29:34.721,hero_huskar,28
00:29:34.721,hero_morphling,28
00:29:34.888,hero_morphling,28
00:29:34.888,hero_huskar,28
00:29:36.121,hero_monkey_king,93
00:29:37.154,hero_monkey_king,57
00:29:38.087,hero_monkey_king,57
00:29:38.853,hero_monkey_king,57
00:29:41.186,hero_monkey_king,28
00:29:41.186,hero_dark_willow,28
00:29:42.586,hero_monkey_king,93
00:29:46.185,hero_huskar,69
00:29:46.552,hero_huskar,95
00:29:46.885,hero_morphling,57
00:29:47.085,hero_dazzle,32
00:29:47.085,hero_dazzle,49
00:29:47.085,hero_dazzle,32
00:29:48.184,hero_morphling,57
00:29:49.018,hero_pudge,93
00:29:49.151,hero_phoenix,57
00:29:49.484,hero_morphling,57
00:29:49.584,hero_pudge,57
00:29:49.717,hero_phoenix,93
00:29:50.184,hero_morphling,57
00:29:50.251,hero_huskar,33
00:29:50.451,hero_phoenix,57
00:29:50.751,hero_pudge,57
00:29:50.751,hero_pudge,57
00:29:50.851,hero_huskar,33
00:29:51.484,hero_phoenix,57
00:29:51.517,hero_morphling,93
00:29:51.950,hero_huskar,18
00:29:51.984,hero_phoenix,57
00:29:54.583,hero_huskar,18
00:29:55.116,hero_huskar,18
00:29:55.749,hero_huskar,18
00:29:55.883,hero_dazzle,32
00:29:58.215,hero_dazzle,47
00:29:58.215,hero_pudge,47
00:29:58.282,hero_morphling,95
00:29:58.282,hero_dazzle,24
00:29:58.282,hero_pudge,24
00:29:59.082,hero_lone_druid,95
00:29:59.182,hero_abaddon,0
00:29:59.382,hero_morphling,49
00:30:00.115,hero_lone_druid,32
00:30:00.282,hero_morphling,32
00:30:01.181,hero_lone_druid,32
00:30:04.347,hero_silencer,47
00:30:04.347,hero_huskar,47
00:30:04.381,hero_monkey_king,57
00:30:05.147,hero_huskar,34
00:30:05.147,hero_silencer,34
00:30:05.914,hero_monkey_king,57
00:30:06.880,hero_monkey_king,57
00:30:07.480,hero_monkey_king,57
00:30:08.046,hero_abaddon,99
00:30:08.046,hero_phoenix,99
00:30:08.746,hero_monkey_king,93
00:30:10.612,hero_morphling,0
00:30:11.612,hero_morphling,57
00:30:12.745,hero_morphling,57
00:30:13.878,hero_morphling,57
00:30:14.545,hero_morphling,57
00:30:16.478,hero_morphling,93
00:30:16.511,hero_lone_druid,32
00:30:17.977,hero_huskar,57
00:30:21.176,hero_lone_druid,49
00:30:23.143,hero_lone_druid,32
00:30:23.276,hero_lone_druid,95
00:30:25.942,hero_lone_druid,49
00:30:25.975,hero_dazzle,95
00:30:26.842,hero_dazzle,69
00:30:28.275,hero_monkey_king,5
00:30:28.275,hero_abaddon,5
00:30:28.275,hero_dark_willow,5
00:30:28.275,hero_phoenix,5
00:30:28.275,hero_pudge,5
00:30:28.275,hero_silencer,5
00:30:29.274,hero_abaddon,12
00:30:29.274,hero_silencer,12
00:30:29.274,hero_dark_willow,12
00:30:29.274,hero_phoenix,12
00:30:29.974,hero_lone_druid,32
00:30:31.041,hero_lone_druid,95
00:30:31.274,hero_abaddon,15
00:30:31.274,hero_huskar,15
00:30:31.274,hero_phoenix,15
00:30:31.274,hero_dark_willow,15
00:30:31.274,hero_silencer,15
00:30:31.274,hero_monkey_king,15
00:30:32.274,hero_monkey_king,187
00:30:32.274,hero_dark_willow,187
00:30:32.274,hero_abaddon,187
00:30:32.274,hero_phoenix,187
00:30:32.774,hero_lone_druid,12
00:30:33.807,hero_dazzle,624
00:30:33.807,hero_huskar,624
00:30:33.807,hero_pudge,624
00:30:33.940,hero_lone_druid,33
00:30:34.507,hero_lone_druid,12
00:30:34.640,hero_lone_druid,33
00:30:35.640,hero_morphling,14
00:30:35.640,hero_dazzle,14
00:30:35.640,hero_huskar,14
00:30:35.640,hero_pudge,14
00:30:35.640,hero_morphling,31
00:30:35.640,hero_dazzle,31
00:30:35.640,hero_huskar,31
00:30:36.739,hero_lone_druid,18
00:30:37.472,hero_phoenix,57
00:30:37.806,hero_lone_druid,18
00:30:39.839,hero_lone_druid,49
00:30:40.672,hero_lone_druid,18
00:30:41.571,hero_lone_druid,32
00:30:42.305,hero_lone_druid,18
00:30:44.371,hero_dark_willow,1063
00:30:47.137,hero_dazzle,1042
00:30:47.137,hero_morphling,1042
00:30:49.470,hero_phoenix,57
00:30:49.803,hero_huskar,57
00:30:49.969,hero_huskar,584
00:30:49.969,hero_morphling,584
00:30:52.769,hero_morphling,715
00:30:52.769,hero_huskar,715
00:30:52.769,hero_dazzle,715
00:30:56.168,hero_dazzle,28
00:30:56.168,hero_morphling,28
00:31:05.932,hero_dazzle,150
00:31:05.932,hero_morphling,150
00:31:17.196,hero_silencer,57
00:31:19.096,hero_morphling,34
00:31:19.096,hero_dazzle,34
00:31:19.496,hero_morphling,24
00:31:19.496,hero_dazzle,24
00:31:19.795,hero_morphling,24
00:31:19.795,hero_dazzle,24
00:31:23.261,hero_huskar,57
00:31:23.395,hero_silencer,57
00:31:23.495,hero_silencer,93
00:31:24.394,hero_silencer,93
00:31:25.294,hero_silencer,93
00:31:25.394,hero_huskar,57
00:31:26.327,hero_huskar,93
00:31:26.394,hero_morphling,16
00:31:26.394,hero_dazzle,16
00:31:27.227,hero_morphling,16
00:31:27.227,hero_dazzle,16
00:31:29.460,hero_morphling,95
00:31:30.260,hero_huskar,88
00:31:30.826,hero_silencer,93
00:31:31.559,hero_monkey_king,57
00:31:31.992,hero_silencer,57
00:31:32.126,hero_monkey_king,57
00:31:32.126,hero_monkey_king,57
00:31:32.126,hero_monkey_king,93
00:31:33.092,hero_huskar,93
00:31:33.559,hero_monkey_king,57
00:31:35.458,hero_silencer,57
00:31:35.458,hero_dazzle,47
00:31:35.458,hero_morphling,47
00:31:35.858,hero_huskar,57
00:31:36.225,hero_huskar,57
00:31:36.458,hero_dazzle,10
00:31:36.458,hero_morphling,10
00:31:36.691,hero_huskar,57
00:31:37.558,hero_dazzle,20
00:31:38.324,hero_huskar,57
00:31:38.924,hero_silencer,57
00:31:40.524,hero_abaddon,835
00:31:40.724,hero_silencer,57
00:31:45.489,hero_morphling,95
00:31:46.256,hero_morphling,49
00:31:47.022,hero_morphling,49
00:31:47.389,hero_lone_druid,95
00:31:48.122,hero_lone_druid,49
00:31:48.455,hero_monkey_king,57
00:31:48.522,hero_monkey_king,57
00:31:48.688,hero_monkey_king,57
00:31:49.422,hero_lone_druid,32
00:31:49.488,hero_monkey_king,57
00:31:50.721,hero_silencer,88
00:31:51.188,hero_monkey_king,93
00:31:55.487,hero_morphling,95
00:31:56.253,hero_morphling,32
00:31:57.520,hero_silencer,57
00:31:58.219,hero_silencer,93
00:31:58.586,hero_huskar,24
00:31:58.586,hero_morphling,24
00:31:58.886,hero_monkey_king,49
00:31:58.919,hero_lone_druid,95
00:31:59.486,hero_silencer,57
00:31:59.786,hero_huskar,24
00:31:59.786,hero_morphling,24
00:32:00.152,hero_morphling,16
00:32:00.152,hero_huskar,16
00:32:00.519,hero_lone_druid,49
00:32:00.819,hero_huskar,16
00:32:00.819,hero_morphling,16
00:32:01.085,hero_silencer,57
00:32:02.152,hero_silencer,57
00:32:02.185,hero_abaddon,57
00:32:02.685,hero_monkey_king,12
00:32:02.685,hero_monkey_king,12
00:32:02.685,hero_monkey_king,95
00:32:03.818,hero_monkey_king,49
00:32:04.518,hero_abaddon,57
00:32:04.851,hero_lone_druid,49
00:32:08.684,hero_dark_willow,19
00:32:08.684,hero_abaddon,19
00:32:08.684,hero_phoenix,19
00:32:09.683,hero_phoenix,19
00:32:09.683,hero_abaddon,19
00:32:09.683,hero_dark_willow,19
00:32:10.716,hero_abaddon,31
00:32:10.716,hero_dark_willow,31
00:32:10.716,hero_phoenix,31
00:32:10.716,hero_phoenix,31
00:32:10.716,hero_abaddon,31
00:32:10.716,hero_dark_willow,31
00:32:10.716,hero_phoenix,31
00:32:10.716,hero_dark_willow,31
00:32:10.716,hero_abaddon,31
00:32:12.749,hero_dark_willow,19
00:32:12.749,hero_phoenix,19
00:32:12.749,hero_abaddon,19
00:32:13.549,hero_dark_willow,19
00:32:13.549,hero_phoenix,19
00:32:13.549,hero_abaddon,19
00:32:13.649,hero_abaddon,19
00:32:13.649,hero_phoenix,19
00:32:13.649,hero_dark_willow,19
00:32:15.682,hero_silencer,93
00:32:15.748,hero_huskar,106
00:32:15.748,hero_dazzle,106
00:32:15.882,hero_morphling,95
00:32:16.415,hero_pudge,20
00:32:16.548,hero_pudge,20
00:32:16.715,hero_silencer,57
00:32:16.848,hero_morphling,69
00:32:17.181,hero_lone_druid,65
00:32:17.181,hero_phoenix,65
00:32:17.681,hero_silencer,57
00:32:17.781,hero_dazzle,65
00:32:17.781,hero_huskar,65
00:32:17.981,hero_dazzle,0
00:32:17.981,hero_huskar,0
00:32:18.215,hero_pudge,95
00:32:18.315,hero_huskar,50
00:32:18.315,hero_dazzle,50
00:32:18.848,hero_silencer,57
00:32:18.881,hero_dazzle,50
00:32:18.881,hero_huskar,50
00:32:19.248,hero_lone_druid,53
00:32:20.047,hero_silencer,57
00:32:20.447,hero_lone_druid,53
00:32:20.547,hero_monkey_king,57
00:32:21.414,hero_monkey_king,57
00:32:22.713,hero_monkey_king,93
00:32:23.647,hero_monkey_king,57
00:32:26.946,hero_dark_willow,57
00:32:33.211,hero_monkey_king,57
00:32:33.244,hero_dazzle,20
00:32:33.744,hero_silencer,32
00:32:35.210,hero_silencer,49
00:32:36.010,hero_silencer,95
00:32:36.810,hero_pudge,47
00:32:36.810,hero_morphling,47
00:32:37.243,hero_monkey_king,57
00:32:37.343,hero_morphling,24
00:32:37.343,hero_pudge,24
00:32:37.810,hero_morphling,16
00:32:37.810,hero_pudge,16
00:32:39.109,hero_phoenix,57
00:32:40.043,hero_huskar,16
00:32:40.043,hero_silencer,16
00:32:40.342,hero_lone_druid,32
00:32:40.709,hero_dazzle,33
00:32:41.176,hero_lone_druid,95
00:32:41.542,hero_huskar,16
00:32:41.542,hero_silencer,16
00:32:41.775,hero_dazzle,33
00:32:41.775,hero_phoenix,57
00:32:41.875,hero_lone_druid,32
00:32:42.009,hero_monkey_king,57
00:32:42.642,hero_pudge,57
00:32:43.008,hero_silencer,16
00:32:43.008,hero_huskar,16
00:32:43.308,hero_phoenix,57
00:32:43.942,hero_phoenix,57
00:32:44.242,hero_phoenix,93
00:32:45.575,hero_phoenix,93
00:32:45.674,hero_abaddon,88
00:32:46.041,hero_monkey_king,57
00:32:46.341,hero_morphling,46
00:32:46.341,hero_pudge,46
00:32:46.474,hero_dazzle,18
00:32:46.474,hero_dazzle,18
00:32:46.474,hero_dazzle,18
00:32:46.474,hero_dazzle,18
00:32:46.808,hero_morphling,46
00:32:46.808,hero_pudge,46
00:32:47.174,hero_abaddon,57
00:32:48.074,hero_morphling,28
00:32:48.074,hero_pudge,28
00:32:48.207,hero_pudge,28
00:32:48.207,hero_morphling,28
00:32:53.339,hero_dark_willow,28
00:32:53.339,hero_abaddon,28
00:32:54.206,hero_dark_willow,46
00:32:54.206,hero_abaddon,46
00:32:54.572,hero_monkey_king,28
00:32:54.572,hero_phoenix,28
00:32:55.006,hero_dark_willow,28
00:32:55.006,hero_abaddon,28
00:32:55.539,hero_abaddon,28
00:32:55.539,hero_dark_willow,28
00:32:57.138,hero_dazzle,95
00:32:57.172,hero_phoenix,28
00:32:57.172,hero_monkey_king,28
00:32:57.438,hero_monkey_king,28
00:32:57.438,hero_phoenix,28
00:32:57.438,hero_monkey_king,28
00:32:57.438,hero_phoenix,28
00:32:58.138,hero_morphling,57
00:32:58.571,hero_morphling,57
00:32:58.738,hero_dazzle,20
00:32:58.805,hero_morphling,57
00:32:58.905,hero_huskar,16
00:32:58.905,hero_silencer,16
00:32:59.338,hero_morphling,57
00:32:59.804,hero_dazzle,20
00:33:00.338,hero_morphling,93
00:33:00.371,hero_huskar,16
00:33:00.371,hero_silencer,16
00:33:00.771,hero_phoenix,46
00:33:00.771,hero_monkey_king,46
00:33:01.204,hero_huskar,16
00:33:01.204,hero_dark_willow,16
00:33:01.204,hero_silencer,16
00:33:03.903,hero_pudge,49
00:33:03.903,hero_pudge,32
00:33:04.037,hero_morphling,16
00:33:04.037,hero_pudge,16
00:33:07.169,hero_abaddon,57
00:33:07.269,hero_dark_willow,972
00:33:09.835,hero_monkey_king,93
00:33:10.102,hero_monkey_king,57
00:33:10.202,hero_pudge,57
00:33:10.368,hero_monkey_king,57
00:33:11.302,hero_monkey_king,57
00:33:12.068,hero_monkey_king,57
00:33:12.135,hero_abaddon,57
00:33:18.067,hero_morphling,57
00:33:20.299,hero_monkey_king,95
00:33:20.566,hero_monkey_king,32
00:33:20.833,hero_monkey_king,32
00:33:29.397,hero_huskar,415
00:33:29.397,hero_pudge,415
00:33:29.397,hero_dazzle,415
00:33:29.397,hero_morphling,415
00:33:29.464,hero_abaddon,1086
00:33:29.464,hero_lone_druid,1086
00:33:29.464,hero_phoenix,1086
00:33:35.696,hero_abaddon,397
00:33:35.696,hero_monkey_king,397
00:33:35.696,hero_lone_druid,397
00:33:36.029,hero_monkey_king,517
00:33:36.029,hero_lone_druid,517
00:33:36.029,hero_abaddon,517
00:33:36.029,hero_phoenix,517
00:33:39.261,hero_dazzle,1861
00:33:41.394,hero_lone_druid,19
00:33:41.394,hero_abaddon,19
00:33:41.394,hero_monkey_king,19
00:33:42.127,hero_monkey_king,19
00:33:42.127,hero_abaddon,19
00:33:42.127,hero_lone_druid,19
00:33:42.561,hero_monkey_king,31
00:33:42.561,hero_lone_druid,31
00:33:42.561,hero_abaddon,31
00:33:51.525,hero_lone_druid,19
00:33:51.525,hero_monkey_king,19
00:33:51.525,hero_abaddon,19
00:33:52.558,hero_monkey_king,19
00:33:52.558,hero_lone_druid,19
00:33:52.558,hero_abaddon,19
00:33:54.024,hero_lone_druid,19
00:33:54.024,hero_abaddon,19
00:33:54.024,hero_monkey_king,19
00:33:54.758,hero_lone_druid,19
00:33:54.758,hero_monkey_king,19
00:33:54.758,hero_abaddon,19
00:33:55.524,hero_abaddon,0
00:33:55.524,hero_lone_druid,0
00:33:55.524,hero_monkey_king,0
00:33:56.291,hero_lone_druid,31
00:33:56.291,hero_abaddon,31
00:33:56.291,hero_monkey_king,31
00:34:03.189,hero_dazzle,57
00:34:05.655,hero_dazzle,57
00:34:06.721,hero_dazzle,57
00:34:07.988,hero_dazzle,93
00:34:08.222,hero_dazzle,93
00:34:09.794,hero_dazzle,93
00:34:19.527,hero_dazzle,28
00:34:19.527,hero_huskar,28
00:34:19.527,hero_huskar,28
00:34:19.527,hero_dazzle,28
00:34:20.999,hero_silencer,19
00:34:20.999,hero_dazzle,19
00:34:20.999,hero_huskar,19
00:34:22.203,hero_dazzle,19
00:34:22.203,hero_huskar,19
00:34:22.203,hero_silencer,19
00:34:24.979,hero_huskar,46
00:34:24.979,hero_dazzle,46
00:34:26.986,hero_monkey_king,33
00:34:29.762,hero_monkey_king,33
00:34:30.163,hero_monkey_king,18
00:34:30.330,hero_huskar,5
00:34:30.330,hero_silencer,5
00:34:30.330,hero_dazzle,5
00:34:30.330,hero_pudge,5
00:34:30.932,hero_monkey_king,18
00:34:31.668,hero_monkey_king,18
00:34:32.371,hero_monkey_king,18
00:34:35.782,hero_abaddon,95
00:34:35.782,hero_lone_druid,57
00:34:36.853,hero_lone_druid,57
00:34:38.358,hero_lone_druid,57
00:34:39.528,hero_lone_druid,93
00:34:40.365,hero_lone_druid,93
00:34:40.465,hero_monkey_king,24
00:34:40.465,hero_dark_willow,24
00:34:41.401,hero_lone_druid,93
00:34:41.669,hero_monkey_king,24
00:34:41.669,hero_dark_willow,24
00:34:41.870,hero_silencer,16
00:34:41.870,hero_pudge,16
00:34:41.870,hero_silencer,16
00:34:41.870,hero_pudge,16
00:34:42.472,hero_monkey_king,16
00:34:42.472,hero_dark_willow,16
00:34:43.208,hero_monkey_king,16
00:34:43.208,hero_dark_willow,16
00:34:43.910,hero_silencer,47
00:34:43.910,hero_pudge,47
00:34:44.780,hero_huskar,57
00:34:45.582,hero_lone_druid,93
00:34:46.552,hero_dazzle,0
00:34:46.552,hero_huskar,0
00:34:48.392,hero_lone_druid,57
00:34:49.629,hero_silencer,28
00:34:49.629,hero_huskar,28
00:34:50.265,hero_lone_druid,57
00:34:50.332,hero_silencer,28
00:34:50.332,hero_huskar,28
00:34:50.967,hero_lone_druid,57
00:34:51.569,hero_dark_willow,24
00:34:51.569,hero_abaddon,24
00:34:51.971,hero_monkey_king,95
00:34:52.138,hero_huskar,19
00:34:52.138,hero_pudge,19
00:34:52.138,hero_silencer,19
00:34:52.339,hero_lone_druid,57
00:34:53.476,hero_monkey_king,49
00:34:53.978,hero_silencer,31
00:34:53.978,hero_huskar,31
00:34:53.978,hero_pudge,31
00:34:55.683,hero_monkey_king,49
00:34:56.352,hero_abaddon,24
00:34:56.352,hero_dark_willow,24
00:34:57.222,hero_dazzle,10
00:34:57.222,hero_huskar,10
00:34:57.222,hero_pudge,10
00:34:57.991,hero_huskar,10
00:34:57.991,hero_pudge,10
00:34:57.991,hero_dazzle,10
00:34:59.095,hero_abaddon,32
00:34:59.630,hero_morphling,57
00:34:59.931,hero_morphling,57
00:35:00.400,hero_morphling,57
00:35:01.202,hero_morphling,93
00:35:01.972,hero_monkey_king,53
00:35:01.972,hero_monkey_king,53
00:35:02.038,hero_abaddon,32
00:35:02.674,hero_lone_druid,95
00:35:02.707,hero_dark_willow,57
00:35:03.510,hero_lone_druid,20
00:35:03.744,hero_monkey_king,100
00:35:04.045,hero_lone_druid,20
00:35:04.982,hero_huskar,16
00:35:04.982,hero_dazzle,16
00:35:06.219,hero_huskar,16
00:35:06.219,hero_dazzle,16
00:35:06.320,hero_huskar,47
00:35:06.320,hero_dazzle,47
00:35:06.621,hero_morphling,32
00:35:06.922,hero_huskar,9
00:35:06.922,hero_dazzle,9
00:35:07.156,hero_phoenix,19
00:35:07.156,hero_abaddon,19
00:35:07.156,hero_dark_willow,19
00:35:07.357,hero_pudge,49
00:35:07.390,hero_morphling,32
00:35:07.490,hero_huskar,24
00:35:07.490,hero_dazzle,24
00:35:08.293,hero_morphling,32
00:35:08.828,hero_lone_druid,32
00:35:08.929,hero_dazzle,9
00:35:08.929,hero_huskar,9
00:35:09.330,hero_pudge,69
00:35:09.598,hero_huskar,33
00:35:10.233,hero_huskar,18
00:35:10.300,hero_pudge,49
00:35:10.701,hero_abaddon,19
00:35:10.701,hero_dark_willow,19
00:35:10.701,hero_phoenix,19
00:35:10.768,hero_lone_druid,32
00:35:10.902,hero_huskar,18
00:35:12.641,hero_lone_druid,30
00:35:12.708,hero_morphling,97
00:35:12.742,hero_dazzle,550
00:35:12.742,hero_morphling,550
00:35:12.742,hero_huskar,550
00:35:12.742,hero_silencer,550
00:35:12.742,hero_pudge,550
00:35:12.742,hero_dark_willow,550
00:35:12.742,hero_abaddon,550
00:35:12.742,hero_monkey_king,550
00:35:12.742,hero_phoenix,550
00:35:12.742,hero_lone_druid,550
00:35:13.143,hero_phoenix,28
00:35:13.143,hero_dark_willow,28
00:35:13.277,hero_morphling,20
00:35:13.946,hero_morphling,20
00:35:14.280,hero_dark_willow,57
00:35:14.682,hero_dark_willow,93
00:35:14.682,hero_dark_willow,93
00:35:17.558,hero_pudge,33
00:35:19.364,hero_pudge,97
00:35:21.103,hero_lone_druid,97
00:35:23.311,hero_silencer,48
00:35:23.311,hero_dazzle,48
00:35:23.411,hero_lone_druid,50
00:35:23.980,hero_silencer,10
00:35:23.980,hero_dazzle,10
00:35:24.716,hero_lone_druid,33
00:35:24.749,hero_silencer,6
00:35:24.749,hero_dazzle,6
00:35:24.749,hero_huskar,6
00:35:26.187,hero_pudge,33
00:35:26.756,hero_morphling,93
00:35:26.823,hero_morphling,57
00:35:28.127,hero_pudge,97
00:35:28.295,hero_monkey_king,34
00:35:29.298,hero_huskar,48
00:35:29.298,hero_silencer,48
00:35:29.733,hero_monkey_king,18
00:35:29.933,hero_pudge,93
00:35:30.803,hero_huskar,6
00:35:30.803,hero_dazzle,6
00:35:30.803,hero_silencer,6
00:35:30.837,hero_lone_druid,34
00:35:31.071,hero_lone_druid,34
00:35:31.572,hero_silencer,6
00:35:31.572,hero_huskar,6
00:35:31.572,hero_dazzle,6
00:35:31.740,hero_lone_druid,18
00:35:31.940,hero_monkey_king,11
00:35:31.940,hero_phoenix,11
00:35:31.940,hero_abaddon,11
00:35:32.910,hero_monkey_king,6
00:35:32.910,hero_abaddon,6
00:35:32.910,hero_phoenix,6
00:35:32.944,hero_lone_druid,18
00:35:33.613,hero_monkey_king,6
00:35:33.613,hero_phoenix,6
00:35:33.613,hero_abaddon,6
00:35:33.713,hero_lone_druid,18
00:35:34.282,hero_huskar,970
00:35:34.349,hero_abaddon,6
00:35:34.349,hero_phoenix,6
00:35:34.349,hero_monkey_king,6
00:35:34.449,hero_lone_druid,18
00:35:37.225,hero_morphling,57
00:35:37.258,hero_morphling,57
00:35:37.292,hero_morphling,57
00:35:37.292,hero_morphling,57
00:35:39.165,hero_dazzle,57
00:35:39.299,hero_morphling,88
00:35:39.332,hero_morphling,57
00:35:39.600,hero_morphling,93
00:35:41.172,hero_phoenix,57
00:35:42.142,hero_pudge,20
00:35:42.142,hero_pudge,20
00:35:42.409,hero_phoenix,57
00:35:42.577,hero_lone_druid,97
00:35:43.112,hero_huskar,57
00:35:43.714,hero_dazzle,57
00:35:43.948,hero_pudge,97
00:35:44.316,hero_lone_druid,71
00:35:44.817,hero_dazzle,57
00:35:45.821,hero_silencer,46
00:35:45.821,hero_huskar,46
00:35:45.854,hero_dazzle,57
00:35:46.155,hero_monkey_king,50
00:35:46.824,hero_dazzle,57
00:35:48.062,hero_morphling,50
00:35:48.296,hero_huskar,28
00:35:48.296,hero_silencer,28
00:35:49.032,hero_morphling,33
00:35:49.701,hero_morphling,33
00:35:49.868,hero_monkey_king,97
00:35:49.901,hero_huskar,28
00:35:49.901,hero_silencer,28
00:35:50.203,hero_lone_druid,57
00:35:50.370,hero_dark_willow,25
00:35:50.370,hero_phoenix,25
00:35:50.671,hero_pudge,10
00:35:50.671,hero_dazzle,10
00:35:50.838,hero_monkey_king,12
00:35:51.574,hero_monkey_king,12
00:35:51.641,hero_huskar,28
00:35:51.641,hero_silencer,28
00:35:52.243,hero_dark_willow,16
00:35:52.243,hero_phoenix,16
00:35:52.310,hero_monkey_king,50
00:35:52.544,hero_lone_druid,93
00:35:52.912,hero_silencer,28
00:35:52.912,hero_huskar,28
00:35:53.380,hero_phoenix,16
00:35:53.380,hero_dark_willow,16
00:35:54.317,hero_silencer,28
00:35:54.317,hero_huskar,28
00:35:54.551,hero_lone_druid,93
00:35:54.618,hero_lone_druid,28
00:35:54.618,hero_abaddon,28
00:35:55.922,hero_abaddon,28
00:35:55.922,hero_lone_druid,28
00:35:56.123,hero_huskar,93
00:35:57.628,hero_pudge,88
00:35:57.728,hero_lone_druid,28
00:35:57.728,hero_abaddon,28
00:35:57.862,hero_morphling,133
00:35:58.029,hero_lone_druid,28
00:35:58.029,hero_abaddon,28
00:35:58.932,hero_morphling,102
00:35:58.966,hero_lone_druid,57
00:35:59.902,hero_silencer,44
00:35:59.902,hero_huskar,44
00:35:59.936,hero_morphling,102
00:36:01.173,hero_lone_druid,88
00:36:02.076,hero_lone_druid,93
00:36:02.578,hero_dazzle,0
00:36:04.484,hero_pudge,101
00:36:04.618,hero_pudge,57
00:36:05.187,hero_pudge,57
00:36:06.123,hero_pudge,57
00:36:06.224,hero_pudge,57
00:36:06.391,hero_pudge,57
00:36:10.806,hero_huskar,25
00:36:10.806,hero_silencer,25
00:36:11.575,hero_silencer,16
00:36:11.575,hero_huskar,16
00:36:12.177,hero_huskar,16
00:36:12.177,hero_silencer,16
00:36:13.080,hero_dark_willow,14
00:36:13.080,hero_abaddon,14
00:36:13.080,hero_phoenix,14
00:36:13.080,hero_monkey_king,14
00:36:13.816,hero_abaddon,14
00:36:13.816,hero_dark_willow,14
00:36:13.816,hero_phoenix,14
00:36:13.816,hero_monkey_king,14
00:36:14.485,hero_monkey_king,14
00:36:14.485,hero_abaddon,14
00:36:14.485,hero_dark_willow,14
00:36:14.485,hero_phoenix,14
00:36:14.887,hero_morphling,97
00:36:15.990,hero_dark_willow,14
00:36:15.990,hero_monkey_king,14
00:36:15.990,hero_abaddon,14
00:36:15.990,hero_phoenix,14
00:36:16.258,hero_morphling,16
00:36:16.258,hero_dazzle,16
00:36:16.592,hero_morphling,16
00:36:16.592,hero_dazzle,16
00:36:16.726,hero_dark_willow,14
00:36:16.726,hero_abaddon,14
00:36:16.726,hero_phoenix,14
00:36:16.726,hero_monkey_king,14
00:36:17.462,hero_dark_willow,25
00:36:17.462,hero_abaddon,25
00:36:17.462,hero_monkey_king,25
00:36:17.462,hero_phoenix,25
00:36:19.402,hero_morphling,33
00:36:19.435,hero_morphling,33
00:36:19.536,hero_morphling,50
00:36:19.569,hero_morphling,50
00:36:19.870,hero_monkey_king,970
00:36:20.138,hero_abaddon,22
00:36:20.138,hero_dark_willow,22
00:36:20.138,hero_phoenix,22
00:36:20.138,hero_monkey_king,22
00:36:20.372,hero_lone_druid,133
00:36:20.506,hero_huskar,50
00:36:21.141,hero_huskar,50
00:36:21.676,hero_huskar,97
00:36:23.081,hero_lone_druid,102
00:36:24.386,hero_morphling,50
00:36:24.419,hero_lone_druid,102
00:36:24.687,hero_silencer,48
00:36:24.687,hero_huskar,48
00:36:24.854,hero_morphling,33
00:36:25.155,hero_phoenix,23
00:36:25.155,hero_monkey_king,23
00:36:25.155,hero_lone_druid,23
00:36:25.188,hero_morphling,33
00:36:25.824,hero_morphling,50
00:36:25.891,hero_lone_druid,25
00:36:25.891,hero_monkey_king,25
00:36:26.560,hero_lone_druid,25
00:36:26.560,hero_monkey_king,25
00:36:28.366,hero_silencer,25
00:36:28.366,hero_huskar,25
00:36:29.035,hero_huskar,25
00:36:29.035,hero_silencer,25
00:36:30.339,hero_lone_druid,97
00:36:31.711,hero_lone_druid,50
00:36:32.814,hero_lone_druid,33
00:36:36.259,hero_morphling,57
00:36:36.360,hero_abaddon,14
00:36:36.360,hero_monkey_king,14
00:36:36.360,hero_phoenix,14
00:36:36.360,hero_dark_willow,14
00:36:42.313,hero_pudge,14
00:36:42.313,hero_huskar,14
00:36:42.313,hero_silencer,14
00:36:42.313,hero_morphling,14
00:36:42.882,hero_monkey_king,11
00:36:42.882,hero_phoenix,11
00:36:42.882,hero_lone_druid,11
00:36:42.882,hero_abaddon,11
00:36:42.882,hero_dark_willow,11
00:36:43.852,hero_dark_willow,20
00:36:43.852,hero_monkey_king,20
00:36:43.852,hero_abaddon,20
00:36:43.852,hero_lone_druid,20
00:36:43.852,hero_phoenix,20
00:36:44.922,hero_monkey_king,11
00:36:44.922,hero_lone_druid,11
00:36:44.922,hero_phoenix,11
00:36:44.922,hero_abaddon,11
00:36:44.922,hero_dark_willow,11
00:36:48.468,hero_dark_willow,11
00:36:48.468,hero_phoenix,11
00:36:48.468,hero_lone_druid,11
00:36:48.468,hero_monkey_king,11
00:36:48.468,hero_abaddon,11
00:36:51.010,hero_phoenix,358
00:36:51.010,hero_abaddon,358
00:36:51.010,hero_lone_druid,358
00:36:51.010,hero_monkey_king,358
00:36:51.010,hero_abaddon,11
00:36:51.010,hero_monkey_king,11
00:36:51.010,hero_phoenix,11
00:36:51.010,hero_dark_willow,11
00:36:51.010,hero_lone_druid,11
00:36:53.518,hero_abaddon,228
00:36:53.518,hero_phoenix,228
00:36:53.518,hero_dark_willow,228
00:36:53.518,hero_lone_druid,228
00:36:53.518,hero_monkey_king,228
00:36:56.194,hero_dark_willow,0
00:36:56.194,hero_monkey_king,0
00:36:56.194,hero_lone_druid,0
00:36:56.194,hero_abaddon,0
00:36:56.194,hero_phoenix,0
00:36:59.371,hero_monkey_king,50
00:36:59.371,hero_dark_willow,50
00:36:59.371,hero_dark_willow,28
00:36:59.371,hero_monkey_king,28
00:36:59.773,hero_monkey_king,28
00:36:59.773,hero_dark_willow,28
00:37:00.107,hero_dark_willow,28
00:37:00.107,hero_monkey_king,28
00:37:00.843,hero_monkey_king,57
00:37:01.579,hero_monkey_king,57
00:37:11.078,hero_huskar,28
00:37:11.078,hero_dazzle,28
00:37:12.048,hero_huskar,28
00:37:12.048,hero_dazzle,28
00:37:14.456,hero_huskar,28
00:37:14.456,hero_dazzle,28
00:37:14.523,hero_huskar,50
00:37:14.523,hero_dazzle,50
00:37:18.838,hero_dazzle,28
00:37:18.838,hero_huskar,28
00:37:18.838,hero_dazzle,28
00:37:18.838,hero_huskar,28
00:37:20.711,hero_dazzle,19
00:37:20.711,hero_morphling,19
00:37:20.711,hero_huskar,19
00:37:21.480,hero_morphling,19
00:37:21.480,hero_dazzle,19
00:37:21.480,hero_huskar,19
00:37:21.781,hero_morphling,19
00:37:21.781,hero_huskar,19
00:37:21.781,hero_dazzle,19
00:37:22.918,hero_morphling,33
00:37:22.918,hero_dazzle,33
00:37:22.918,hero_huskar,33
00:37:24.724,hero_dark_willow,224
00:37:24.724,hero_abaddon,224
00:37:24.724,hero_lone_druid,224
00:37:24.724,hero_phoenix,224
00:37:24.724,hero_monkey_king,224
00:37:26.430,hero_phoenix,101
00:37:28.036,hero_phoenix,57
00:37:28.705,hero_phoenix,57
00:37:29.374,hero_phoenix,57
00:37:29.574,hero_phoenix,101
00:37:29.574,hero_phoenix,93
00:37:30.578,hero_dazzle,32
00:37:30.578,hero_morphling,32
00:37:30.578,hero_huskar,32
00:37:30.578,hero_phoenix,57
00:37:30.712,hero_phoenix,57
00:37:30.879,hero_phoenix,57
00:37:30.879,hero_phoenix,57
00:37:31.013,hero_phoenix,57
00:37:31.280,hero_morphling,6
00:37:31.280,hero_huskar,6
00:37:31.280,hero_dazzle,6
00:37:31.882,hero_phoenix,101
00:37:31.916,hero_huskar,6
00:37:31.916,hero_morphling,6
00:37:31.916,hero_dazzle,6
00:37:33.789,hero_phoenix,88
00:37:36.565,hero_lone_druid,50
00:37:36.765,hero_morphling,16
00:37:36.765,hero_huskar,16
00:37:36.866,hero_huskar,16
00:37:36.866,hero_morphling,16
00:37:37.033,hero_huskar,25
00:37:37.033,hero_morphling,25
00:37:37.702,hero_monkey_king,97
00:37:37.936,hero_lone_druid,50
00:37:38.505,hero_monkey_king,20
00:37:39.207,hero_lone_druid,33
00:37:39.241,hero_monkey_king,20
00:37:39.575,hero_dark_willow,0
00:37:40.478,hero_lone_druid,33
00:37:40.578,hero_monkey_king,28
00:37:40.578,hero_dark_willow,28
00:37:42.686,hero_monkey_king,50
00:37:42.686,hero_dark_willow,50
00:37:42.686,hero_dark_willow,19
00:37:42.686,hero_abaddon,19
00:37:42.686,hero_monkey_king,19
00:37:42.686,hero_dark_willow,19
00:37:42.686,hero_abaddon,19
00:37:42.686,hero_monkey_king,19
00:37:43.221,hero_dark_willow,19
00:37:43.221,hero_abaddon,19
00:37:43.221,hero_monkey_king,19
00:37:43.254,hero_dark_willow,19
00:37:43.254,hero_monkey_king,19
00:37:43.254,hero_abaddon,19
00:37:49.475,hero_phoenix,57
00:37:51.482,hero_phoenix,57
00:37:51.482,hero_phoenix,57
00:37:51.482,hero_phoenix,57
00:37:51.951,hero_huskar,28
00:37:51.951,hero_dazzle,28
00:37:52.051,hero_phoenix,57
00:37:52.352,hero_dazzle,28
00:37:52.352,hero_huskar,28
00:37:52.352,hero_huskar,28
00:37:52.352,hero_dazzle,28
00:37:52.352,hero_dazzle,28
00:37:52.352,hero_huskar,28
00:37:52.921,hero_huskar,50
00:37:52.921,hero_dazzle,50
00:37:52.987,hero_lone_druid,17
00:37:52.987,hero_dark_willow,17
00:37:52.987,hero_abaddon,17
00:37:52.987,hero_monkey_king,17
00:37:53.322,hero_phoenix,101
00:37:53.924,hero_abaddon,12
00:37:53.924,hero_monkey_king,12
00:37:53.924,hero_dark_willow,12
00:37:53.924,hero_lone_druid,12
00:37:57.336,hero_monkey_king,12
00:37:57.336,hero_lone_druid,12
00:37:57.336,hero_abaddon,12
00:37:57.336,hero_dark_willow,12
00:37:57.938,hero_monkey_king,24
00:37:57.938,hero_dark_willow,24
00:37:57.938,hero_abaddon,24
00:37:57.938,hero_lone_druid,24
00:37:58.640,hero_lone_druid,8
00:37:58.640,hero_dark_willow,8
00:37:58.640,hero_abaddon,8
00:37:58.640,hero_monkey_king,8
00:37:59.309,hero_lone_druid,8
00:37:59.309,hero_abaddon,8
00:37:59.309,hero_dark_willow,8
00:37:59.309,hero_monkey_king,8
00:38:05.932,hero_lone_druid,0
00:38:05.932,hero_monkey_king,0
00:38:05.998,hero_abaddon,19
00:38:05.998,hero_phoenix,19
00:38:05.998,hero_dark_willow,19
00:38:07.002,hero_dark_willow,19
00:38:07.002,hero_abaddon,19
00:38:07.002,hero_phoenix,19
00:38:07.470,hero_morphling,25
00:38:07.470,hero_huskar,25
00:38:07.604,hero_abaddon,19
00:38:07.604,hero_dark_willow,19
00:38:07.604,hero_phoenix,19
00:38:08.373,hero_abaddon,33
00:38:08.373,hero_dark_willow,33
00:38:08.373,hero_phoenix,33
00:38:08.775,hero_dark_willow,19
00:38:08.775,hero_phoenix,19
00:38:08.775,hero_abaddon,19
00:38:08.908,hero_huskar,16
00:38:08.908,hero_morphling,16
00:38:09.009,hero_morphling,57
00:38:09.377,hero_phoenix,19
00:38:09.377,hero_dark_willow,19
00:38:09.377,hero_abaddon,19
00:38:10.313,hero_morphling,57
00:38:10.480,hero_morphling,57
00:38:10.514,hero_morphling,57
00:38:10.781,hero_morphling,101
00:38:11.283,hero_morphling,57
00:38:11.718,hero_huskar,33
00:38:16.802,hero_huskar,50
00:38:18.608,hero_morphling,50
00:38:19.009,hero_huskar,50
00:38:19.043,hero_morphling,33
00:38:19.444,hero_morphling,33
00:38:19.444,hero_huskar,33
00:38:20.013,hero_morphling,50
00:38:20.147,hero_huskar,33
00:38:20.481,hero_lone_druid,19
00:38:20.481,hero_monkey_king,19
00:38:20.481,hero_abaddon,19
00:38:21.317,hero_phoenix,11
00:38:21.317,hero_abaddon,11
00:38:21.317,hero_lone_druid,11
00:38:21.317,hero_monkey_king,11
00:38:21.317,hero_dark_willow,11
00:38:21.752,hero_phoenix,11
00:38:21.752,hero_monkey_king,11
00:38:21.752,hero_lone_druid,11
00:38:21.752,hero_abaddon,11
00:38:21.752,hero_dark_willow,11
00:38:22.321,hero_lone_druid,11
00:38:22.321,hero_dark_willow,11
00:38:22.321,hero_monkey_king,11
00:38:22.321,hero_phoenix,11
00:38:22.321,hero_abaddon,11
00:38:23.057,hero_lone_druid,11
00:38:23.057,hero_phoenix,11
00:38:23.057,hero_monkey_king,11
00:38:23.057,hero_dark_willow,11
00:38:23.057,hero_abaddon,11
00:38:24.796,hero_phoenix,20
00:38:24.796,hero_dark_willow,20
00:38:24.796,hero_monkey_king,20
00:38:24.796,hero_abaddon,20
00:38:24.796,hero_lone_druid,20
00:38:25.933,hero_huskar,97
00:38:26.635,hero_morphling,54
00:38:27.405,hero_huskar,33
00:38:27.739,hero_morphling,54
00:38:28.140,hero_huskar,33
00:38:29.244,hero_pudge,19
00:38:29.244,hero_dazzle,19
00:38:29.244,hero_silencer,19
00:38:30.348,hero_morphling,133
00:38:35.666,hero_morphling,57
00:38:36.168,hero_lone_druid,0
00:38:36.168,hero_dark_willow,0
00:38:36.168,hero_abaddon,0
00:38:36.168,hero_monkey_king,0
00:38:36.168,hero_phoenix,0
00:38:36.770,hero_morphling,57
00:38:36.803,hero_pudge,19
00:38:36.803,hero_dazzle,19
00:38:36.803,hero_silencer,19
00:38:37.004,hero_silencer,19
00:38:37.004,hero_dazzle,19
00:38:37.004,hero_pudge,19
00:38:37.372,hero_morphling,57
00:38:37.472,hero_silencer,19
00:38:37.472,hero_pudge,19
00:38:37.472,hero_dazzle,19
00:38:37.974,hero_morphling,57
00:38:38.208,hero_dazzle,14
00:38:38.208,hero_pudge,14
00:38:38.208,hero_silencer,14
00:38:38.208,hero_huskar,14
00:38:38.676,hero_morphling,57
00:38:39.446,hero_morphling,101
00:38:39.680,hero_pudge,25
00:38:39.680,hero_silencer,25
00:38:39.680,hero_dazzle,25
00:38:39.680,hero_huskar,25
00:38:45.332,hero_phoenix,0
00:38:45.332,hero_lone_druid,0
00:38:45.332,hero_dark_willow,0
00:38:45.332,hero_abaddon,0
00:38:45.332,hero_monkey_king,0
00:38:46.503,hero_monkey_king,11
00:38:46.503,hero_lone_druid,11
00:38:46.503,hero_phoenix,11
00:38:46.503,hero_abaddon,11
00:38:46.503,hero_dark_willow,11
00:38:46.570,hero_silencer,11
00:38:46.570,hero_morphling,11
00:38:46.570,hero_dazzle,11
00:38:46.570,hero_pudge,11
00:38:46.570,hero_huskar,11
00:38:47.908,hero_huskar,20
00:38:47.908,hero_morphling,20
00:38:47.908,hero_silencer,20
00:38:47.908,hero_dazzle,20
00:38:47.908,hero_pudge,20
00:38:49.145,hero_silencer,14
00:38:49.145,hero_dazzle,14
00:38:49.145,hero_morphling,14
00:38:49.145,hero_huskar,14
00:38:50.383,hero_silencer,14
00:38:50.383,hero_morphling,14
00:38:50.383,hero_dazzle,14
00:38:50.383,hero_huskar,14
00:38:50.483,hero_morphling,11
00:38:50.483,hero_pudge,11
00:38:50.483,hero_huskar,11
00:38:50.483,hero_dazzle,11
00:38:50.483,hero_silencer,11
00:38:53.259,hero_morphling,11
00:38:53.259,hero_huskar,11
00:38:53.259,hero_pudge,11
00:38:53.259,hero_silencer,11
00:38:53.259,hero_dazzle,11
00:38:54.765,hero_phoenix,5
00:38:54.765,hero_lone_druid,5
00:38:54.765,hero_monkey_king,5
00:38:54.765,hero_dark_willow,5
00:38:55.668,hero_phoenix,5
00:38:55.668,hero_monkey_king,5
00:38:55.668,hero_dark_willow,5
00:38:55.668,hero_lone_druid,5
00:38:59.113,hero_lone_druid,14
00:38:59.113,hero_abaddon,14
00:38:59.113,hero_phoenix,14
00:38:59.113,hero_monkey_king,14
00:38:59.347,hero_pudge,60
00:38:59.347,hero_silencer,60
00:38:59.347,hero_huskar,60
00:38:59.347,hero_morphling,60
00:38:59.347,hero_dazzle,60
00:39:03.661,hero_dark_willow,11
00:39:03.661,hero_phoenix,11
00:39:03.661,hero_abaddon,11
00:39:03.661,hero_monkey_king,11
00:39:03.661,hero_lone_druid,11
00:39:03.661,hero_lone_druid,20
00:39:03.661,hero_phoenix,20
00:39:03.661,hero_monkey_king,20
00:39:03.661,hero_abaddon,20
00:39:03.661,hero_dark_willow,20
00:39:06.538,hero_phoenix,523
00:39:06.538,hero_monkey_king,523
00:39:06.538,hero_dark_willow,523
00:39:06.538,hero_abaddon,523
00:39:06.538,hero_lone_druid,523
00:39:06.939,hero_pudge,593
00:39:06.939,hero_silencer,593
00:39:06.939,hero_huskar,593
00:39:06.939,hero_dazzle,593
00:39:06.939,hero_huskar,0
00:39:06.939,hero_pudge,0
00:39:06.939,hero_dazzle,0
00:39:06.939,hero_silencer,0
00:39:09.983,hero_huskar,14
00:39:09.983,hero_dazzle,14
00:39:09.983,hero_pudge,14
00:39:09.983,hero_silencer,14
00:39:10.685,hero_silencer,14
00:39:10.685,hero_pudge,14
00:39:10.685,hero_huskar,14
00:39:10.685,hero_dazzle,14
00:39:10.685,hero_pudge,14
00:39:10.685,hero_huskar,14
00:39:10.685,hero_silencer,14
00:39:10.685,hero_dazzle,14
00:39:12.659,hero_monkey_king,386
00:39:12.659,hero_lone_druid,386
00:39:12.659,hero_abaddon,386
00:39:12.659,hero_dark_willow,386
00:39:14.331,hero_dazzle,19
00:39:14.331,hero_huskar,19
00:39:14.331,hero_silencer,19
00:39:15.000,hero_dazzle,19
00:39:15.000,hero_huskar,19
00:39:15.000,hero_silencer,19
00:39:16.004,hero_silencer,33
00:39:16.004,hero_dazzle,33
00:39:16.004,hero_huskar,33
00:39:16.572,hero_dark_willow,1089
00:39:16.572,hero_lone_druid,1089
00:39:16.572,hero_abaddon,1089
00:39:23.027,hero_abaddon,316
00:39:23.027,hero_lone_druid,316
00:39:23.027,hero_dark_willow,316
00:39:23.027,hero_monkey_king,316
00:39:25.335,hero_dark_willow,19
00:39:25.335,hero_abaddon,19
00:39:25.335,hero_lone_druid,19
00:39:31.423,hero_monkey_king,1300
00:39:31.423,hero_lone_druid,1300
00:39:38.580,hero_abaddon,33
00:39:38.580,hero_monkey_king,33
00:39:38.580,hero_dark_willow,33
00:39:39.316,hero_dark_willow,19
00:39:39.316,hero_monkey_king,19
00:39:39.316,hero_abaddon,19
00:39:39.550,hero_dark_willow,19
00:39:39.550,hero_monkey_king,19
00:39:39.550,hero_abaddon,19
00:39:40.052,hero_abaddon,19
00:39:40.052,hero_monkey_king,19
00:39:40.052,hero_dark_willow,19
00:39:40.086,hero_dark_willow,19
00:39:40.086,hero_abaddon,19
00:39:40.086,hero_monkey_king,19
00:39:47.310,hero_dark_willow,0
00:39:47.310,hero_monkey_king,0
00:39:47.310,hero_lone_druid,0
00:39:47.310,hero_abaddon,0
00:39:55.036,hero_monkey_king,0
00:39:55.036,hero_dark_willow,0
00:39:55.036,hero_lone_druid,0
00:39:55.036,hero_abaddon,0
00:39:55.538,hero_monkey_king,28
00:39:55.538,hero_lone_druid,28
00:40:04.837,hero_lone_druid,57
00:40:06.409,hero_lone_druid,0
00:40:06.409,hero_monkey_king,0
00:40:06.409,hero_dark_willow,0
00:40:06.409,hero_abaddon,0
