time,attacker,inflictor,target
00:04:10.857,hero_dazzle,item_tango,hero_huskar
00:04:11.758,hero_silencer,item_tango,hero_huskar
00:04:21.591,hero_abaddon,item_ward_observer,hero_abaddon
00:04:40.186,hero_huskar,item_ward_observer,hero_huskar
00:04:55.082,hero_abaddon,item_ward_observer,hero_abaddon
00:05:18.077,hero_morphling,item_tango,hero_morphling
00:05:25.442,hero_phoenix,item_flask,hero_phoenix
00:05:39.372,hero_morphling,item_tango,hero_morphling
00:05:58.134,hero_pudge,item_tango,hero_pudge
00:05:59.133,hero_silencer,item_tango,hero_pudge
00:06:13.363,hero_morphling,item_tango,hero_morphling
00:06:21.361,hero_monkey_king,item_tango,hero_monkey_king
00:06:28.926,hero_pudge,item_tango,hero_pudge
00:06:30.026,hero_dazzle,item_tango,hero_dazzle
00:06:32.825,hero_huskar,item_branches,hero_huskar
00:06:33.392,hero_huskar,item_tango_single,hero_huskar
00:06:36.724,hero_phoenix,item_branches,hero_phoenix
00:06:36.991,hero_phoenix,item_tango,hero_phoenix
00:06:37.991,hero_morphling,item_tango,hero_morphling
00:06:49.921,hero_monkey_king,item_branches,hero_monkey_king
00:06:50.221,hero_monkey_king,item_tango,hero_monkey_king
00:06:54.720,hero_monkey_king,item_faerie_fire,hero_monkey_king
00:06:55.286,hero_huskar,item_faerie_fire,hero_huskar
00:07:04.451,hero_morphling,item_tango,hero_morphling
00:07:09.616,hero_phoenix,item_branches,hero_phoenix
00:07:09.883,hero_phoenix,item_tango,hero_phoenix
00:07:13.282,hero_dazzle,item_tango,hero_dazzle
00:07:13.848,hero_monkey_king,item_tpscroll,hero_monkey_king
00:07:16.348,hero_abaddon,item_tango,hero_abaddon
00:07:18.914,hero_huskar,item_tpscroll,hero_huskar
00:07:19.314,hero_pudge,item_quelling_blade,hero_pudge
00:07:28.245,hero_dazzle,item_clarity,hero_dazzle
00:07:34.210,hero_pudge,item_tango_single,hero_pudge
00:07:37.776,hero_morphling,item_branches,hero_morphling
00:07:39.742,hero_morphling,item_tango,hero_morphling
00:07:42.008,hero_huskar,item_tango_single,hero_huskar
00:07:43.208,hero_monkey_king,item_branches,hero_monkey_king
00:07:44.108,hero_monkey_king,item_tango,hero_monkey_king
00:07:45.874,hero_silencer,item_enchanted_mango,hero_silencer
00:07:46.740,hero_dark_willow,item_faerie_fire,hero_dark_willow
00:07:49.673,hero_dark_willow,item_tango,hero_dark_willow
00:07:51.073,hero_dark_willow,item_flask,hero_dark_willow
00:07:53.272,hero_silencer,item_enchanted_mango,hero_silencer
00:07:54.972,hero_dazzle,item_tango,hero_dazzle
00:07:55.872,hero_dark_willow,item_enchanted_mango,hero_dark_willow
00:07:56.571,hero_pudge,item_tango,hero_pudge
00:07:59.071,hero_lone_druid,item_tango,hero_lone_druid
00:08:13.401,hero_morphling,item_tango,hero_morphling
00:08:18.033,hero_dark_willow,item_enchanted_mango,hero_dark_willow
00:08:18.633,hero_dazzle,item_magic_stick,hero_dazzle
00:08:18.766,hero_dark_willow,item_tango,hero_dark_willow
00:08:30.796,hero_morphling,item_tango,hero_morphling
00:08:36.795,hero_pudge,item_flask,hero_pudge
00:08:39.961,hero_lone_druid,item_tango,hero_lone_druid
00:08:41.594,hero_abaddon,item_tango,hero_abaddon
00:08:47.092,hero_pudge,item_tango,hero_pudge
00:08:47.559,hero_huskar,item_flask,hero_huskar
00:08:49.025,hero_morphling,item_tango,hero_morphling
00:08:59.023,hero_dazzle,item_magic_stick,hero_dazzle
00:09:06.254,hero_phoenix,item_flask,hero_phoenix
00:09:08.854,hero_phoenix,item_branches,hero_phoenix
00:09:08.887,hero_monkey_king,item_tpscroll,hero_monkey_king
00:09:09.754,hero_phoenix,item_tango,hero_phoenix
00:09:11.820,hero_morphling,item_tpscroll,hero_morphling
00:09:13.419,hero_dark_willow,item_tango,hero_dark_willow
00:09:16.852,hero_dazzle,item_tpscroll,hero_dazzle
00:09:26.350,hero_dazzle,item_ward_observer,hero_dazzle
00:09:36.214,hero_silencer,item_clarity,hero_silencer
00:09:36.780,hero_monkey_king,item_tango,hero_monkey_king
00:09:38.280,hero_silencer,item_enchanted_mango,hero_silencer
00:09:41.779,hero_pudge,item_tango,hero_pudge
00:09:42.912,hero_silencer,item_ward_dispenser,hero_silencer
00:09:44.645,hero_dark_willow,item_clarity,hero_dark_willow
00:09:46.511,hero_silencer,item_ward_dispenser,hero_silencer
00:09:50.344,hero_silencer,item_ward_observer,hero_silencer
00:10:02.474,hero_monkey_king,item_tango,hero_monkey_king
00:10:08.906,hero_phoenix,item_tpscroll,hero_phoenix
00:10:13.871,hero_dark_willow,item_tango,hero_dark_willow
00:10:20.170,hero_pudge,item_tango,hero_pudge
00:10:20.403,hero_monkey_king,item_tango,hero_monkey_king
00:10:27.168,hero_phoenix,item_clarity,hero_phoenix
00:10:37.899,hero_dazzle,item_magic_wand,hero_dazzle
00:10:50.729,hero_dark_willow,item_clarity,hero_dark_willow
00:11:03.259,hero_dazzle,item_tpscroll,hero_dazzle
00:11:11.557,hero_monkey_king,item_tpscroll,hero_monkey_king
00:11:13.390,hero_phoenix,item_ward_observer,hero_phoenix
00:11:13.423,hero_abaddon,item_flask,hero_abaddon
00:11:19.855,hero_lone_druid,item_tango,hero_lone_druid
00:11:22.088,hero_pudge,item_tpscroll,hero_pudge
00:11:36.918,hero_morphling,item_magic_wand,hero_morphling
00:11:44.216,hero_huskar,item_ward_observer,hero_huskar
00:11:46.749,hero_dark_willow,item_clarity,hero_dark_willow
00:11:48.881,hero_silencer,item_tango,hero_silencer
00:11:55.846,hero_phoenix,item_clarity,hero_phoenix
00:11:56.813,hero_abaddon,item_tango,hero_abaddon
00:12:05.344,lone_druid_bear2,item_flask,hero_lone_druid
00:12:11.309,hero_huskar,item_phase_boots,hero_huskar
00:12:29.205,hero_abaddon,item_ward_observer,hero_abaddon
00:12:41.602,hero_morphling,item_tango,hero_morphling
00:12:43.035,hero_huskar,item_phase_boots,hero_huskar
00:12:51.566,hero_abaddon,item_clarity,hero_abaddon
00:12:56.965,hero_huskar,item_phase_boots,hero_huskar
00:12:58.764,hero_huskar,item_tpscroll,hero_huskar
00:12:59.531,hero_morphling,item_tango,hero_morphling
00:13:10.095,hero_huskar,item_phase_boots,hero_huskar
00:13:20.626,hero_morphling,item_tango,hero_morphling
00:13:25.291,hero_dark_willow,item_clarity,hero_dark_willow
00:13:29.590,hero_dark_willow,item_ward_observer,hero_dark_willow
00:13:36.755,hero_dazzle,item_magic_wand,hero_dazzle
00:13:41.454,hero_huskar,item_phase_boots,hero_huskar
00:13:46.153,hero_dazzle,item_tango,hero_dazzle
00:13:46.886,hero_dazzle,item_clarity,hero_dazzle
00:13:48.386,hero_morphling,item_flask,hero_morphling
00:13:49.719,hero_huskar,item_phase_boots,hero_huskar
00:13:50.652,hero_lone_druid,item_flask,hero_lone_druid
00:14:00.982,hero_huskar,item_phase_boots,hero_huskar
00:14:13.879,hero_huskar,item_phase_boots,hero_huskar
00:14:24.310,hero_morphling,item_clarity,hero_morphling
00:14:27.076,hero_huskar,item_phase_boots,hero_huskar
00:14:33.941,hero_lone_druid,item_tpscroll,hero_lone_druid
00:14:34.907,hero_abaddon,item_tpscroll,hero_abaddon
00:14:45.472,hero_morphling,item_power_treads,hero_morphling
00:14:45.605,hero_morphling,item_power_treads,hero_morphling
00:14:47.005,hero_morphling,item_power_treads,hero_morphling
00:14:47.938,hero_morphling,item_power_treads,hero_morphling
00:14:48.071,hero_morphling,item_power_treads,hero_morphling
00:14:49.804,hero_morphling,item_power_treads,hero_morphling
00:14:49.970,hero_monkey_king,item_phase_boots,hero_monkey_king
00:14:50.304,hero_huskar,item_phase_boots,hero_huskar
00:14:53.336,hero_pudge,item_tpscroll,hero_pudge
00:14:58.002,hero_morphling,item_power_treads,hero_morphling
00:14:58.102,hero_morphling,item_power_treads,hero_morphling
00:14:59.302,hero_morphling,item_power_treads,hero_morphling
00:14:59.435,hero_morphling,item_power_treads,hero_morphling
00:15:01.301,hero_huskar,item_phase_boots,hero_huskar
00:15:01.434,hero_morphling,item_power_treads,hero_morphling
00:15:04.234,hero_silencer,item_tpscroll,hero_silencer
00:15:06.566,hero_monkey_king,item_phase_boots,hero_monkey_king
00:15:07.533,hero_monkey_king,item_quelling_blade,hero_monkey_king
00:15:08.399,hero_morphling,item_power_treads,hero_morphling
00:15:09.566,hero_phoenix,item_clarity,hero_phoenix
00:15:10.132,hero_morphling,item_power_treads,hero_morphling
00:15:10.299,hero_huskar,item_phase_boots,hero_huskar
00:15:10.299,hero_morphling,item_power_treads,hero_morphling
00:15:12.865,hero_dark_willow,item_tango,hero_dark_willow
00:15:13.431,hero_dazzle,item_ward_observer,hero_dazzle
00:15:14.331,hero_morphling,item_power_treads,hero_morphling
00:15:16.697,hero_morphling,item_power_treads,hero_morphling
00:15:16.831,hero_morphling,item_power_treads,hero_morphling
00:15:18.730,hero_huskar,item_phase_boots,hero_huskar
00:15:24.629,hero_morphling,item_power_treads,hero_morphling
00:15:24.729,hero_monkey_king,item_quelling_blade,hero_monkey_king
00:15:24.762,hero_morphling,item_power_treads,hero_morphling
00:15:25.528,hero_morphling,item_power_treads,hero_morphling
00:15:27.428,hero_huskar,item_phase_boots,hero_huskar
00:15:28.728,hero_monkey_king,item_phase_boots,hero_monkey_king
00:15:29.561,hero_pudge,item_phase_boots,hero_pudge
00:15:31.160,hero_morphling,item_power_treads,hero_morphling
00:15:32.194,hero_morphling,item_power_treads,hero_morphling
00:15:32.327,hero_morphling,item_power_treads,hero_morphling
00:15:32.393,hero_monkey_king,item_trusty_shovel,hero_monkey_king
00:15:36.059,hero_dazzle,item_trusty_shovel,hero_dazzle
00:15:36.226,hero_morphling,item_power_treads,hero_morphling
00:15:36.392,hero_morphling,item_power_treads,hero_morphling
00:15:37.359,hero_morphling,item_power_treads,hero_morphling
00:15:37.892,hero_huskar,item_phase_boots,hero_huskar
00:15:38.525,hero_morphling,item_clarity,hero_morphling
00:15:40.092,hero_pudge,item_tome_of_knowledge,hero_pudge
00:15:43.024,hero_monkey_king,item_phase_boots,hero_monkey_king
00:15:44.391,hero_pudge,item_phase_boots,hero_pudge
00:15:44.490,hero_huskar,item_tpscroll,hero_huskar
00:15:47.823,hero_huskar,item_phase_boots,hero_huskar
00:15:48.823,hero_pudge,item_flask,hero_pudge
00:15:53.788,hero_pudge,item_phase_boots,hero_pudge
00:15:55.688,hero_morphling,item_power_treads,hero_morphling
00:15:55.854,hero_morphling,item_power_treads,hero_morphling
00:15:55.954,hero_morphling,item_power_treads,hero_morphling
00:15:57.154,hero_huskar,item_phase_boots,hero_huskar
00:15:59.387,hero_dazzle,item_tpscroll,hero_dazzle
00:15:59.987,hero_morphling,item_power_treads,hero_morphling
00:16:00.320,hero_morphling,item_power_treads,hero_morphling
00:16:00.453,hero_morphling,item_power_treads,hero_morphling
00:16:05.919,hero_monkey_king,item_tpscroll,hero_monkey_king
00:16:08.585,hero_huskar,item_phase_boots,hero_huskar
00:16:10.084,hero_dark_willow,item_tpscroll,hero_dark_willow
00:16:10.717,hero_monkey_king,item_phase_boots,hero_monkey_king
00:16:11.451,hero_morphling,item_power_treads,hero_morphling
00:16:15.650,hero_pudge,item_phase_boots,hero_pudge
00:16:16.149,hero_morphling,item_power_treads,hero_morphling
00:16:16.316,hero_morphling,item_power_treads,hero_morphling
00:16:19.149,hero_monkey_king,item_flask,hero_monkey_king
00:16:20.248,hero_monkey_king,item_phase_boots,hero_monkey_king
00:16:23.181,hero_huskar,item_phase_boots,hero_huskar
00:16:24.414,hero_pudge,item_phase_boots,hero_pudge
00:16:25.980,hero_lone_druid,item_tpscroll,hero_lone_druid
00:16:28.780,hero_morphling,item_power_treads,hero_morphling
00:16:28.946,hero_morphling,item_power_treads,hero_morphling
00:16:29.080,hero_morphling,item_power_treads,hero_morphling
00:16:29.280,hero_monkey_king,item_quelling_blade,hero_monkey_king
00:16:34.678,hero_dazzle,item_trusty_shovel,hero_dazzle
00:16:38.511,hero_morphling,item_power_treads,hero_morphling
00:16:38.644,hero_morphling,item_power_treads,hero_morphling
00:16:39.710,hero_morphling,item_power_treads,hero_morphling
00:16:40.877,hero_huskar,item_phase_boots,hero_huskar
00:16:49.975,hero_huskar,item_phase_boots,hero_huskar
00:16:51.141,hero_silencer,item_tpscroll,hero_silencer
00:16:55.673,hero_morphling,item_power_treads,hero_morphling
00:16:55.806,hero_morphling,item_power_treads,hero_morphling
00:16:55.940,hero_morphling,item_power_treads,hero_morphling
00:17:02.871,hero_pudge,item_phase_boots,hero_pudge
00:17:06.637,hero_huskar,item_phase_boots,hero_huskar
00:17:07.104,hero_huskar,item_armlet,hero_huskar
00:17:08.337,hero_monkey_king,item_phase_boots,hero_monkey_king
00:17:11.769,hero_monkey_king,item_quelling_blade,hero_monkey_king
00:17:12.202,hero_pudge,item_phase_boots,hero_pudge
00:17:16.301,hero_monkey_king,item_trusty_shovel,hero_monkey_king
00:17:18.901,hero_morphling,item_power_treads,hero_morphling
00:17:19.501,hero_phoenix,item_enchanted_mango,hero_phoenix
00:17:20.634,hero_pudge,item_phase_boots,hero_pudge
00:17:20.767,hero_morphling,item_power_treads,hero_morphling
00:17:20.934,hero_morphling,item_power_treads,hero_morphling
00:17:22.500,hero_phoenix,item_tango,hero_phoenix
00:17:23.600,hero_huskar,item_phase_boots,hero_huskar
00:17:23.800,hero_huskar,item_armlet,hero_huskar
00:17:25.532,hero_huskar,item_tpscroll,hero_huskar
00:17:25.599,hero_morphling,item_power_treads,hero_morphling
00:17:25.766,hero_morphling,item_power_treads,hero_morphling
00:17:25.899,hero_morphling,item_power_treads,hero_morphling
00:17:31.998,hero_dazzle,item_trusty_shovel,hero_dazzle
00:17:32.564,hero_huskar,item_armlet,hero_huskar
00:17:35.897,hero_monkey_king,item_tpscroll,hero_monkey_king
00:17:43.928,hero_dazzle,item_arcane_boots,hero_dazzle
00:17:45.861,hero_morphling,item_power_treads,hero_morphling
00:17:46.028,hero_morphling,item_power_treads,hero_morphling
00:17:46.127,hero_morphling,item_power_treads,hero_morphling
00:17:46.661,hero_lone_druid,item_tpscroll,hero_lone_druid
00:17:47.594,hero_huskar,item_armlet,hero_huskar
00:17:48.027,hero_huskar,item_phase_boots,hero_huskar
00:17:51.260,hero_huskar,item_armlet,hero_huskar
00:17:56.225,hero_pudge,item_phase_boots,hero_pudge
00:18:00.091,hero_morphling,item_power_treads,hero_morphling
00:18:00.157,hero_huskar,item_armlet,hero_huskar
00:18:00.357,hero_morphling,item_power_treads,hero_morphling
00:18:00.391,hero_huskar,item_phase_boots,hero_huskar
00:18:01.390,hero_morphling,item_power_treads,hero_morphling
00:18:01.490,hero_dazzle,item_ward_observer,hero_dazzle
00:18:02.190,hero_huskar,item_armlet,hero_huskar
00:18:05.190,hero_pudge,item_phase_boots,hero_pudge
00:18:08.355,hero_huskar,item_armlet,hero_huskar
00:18:08.622,hero_huskar,item_phase_boots,hero_huskar
00:18:12.588,hero_monkey_king,item_trusty_shovel,hero_monkey_king
00:18:13.288,hero_dark_willow,item_tpscroll,hero_dark_willow
00:18:13.687,hero_morphling,item_power_treads,hero_morphling
00:18:13.821,hero_morphling,item_power_treads,hero_morphling
00:18:14.521,hero_morphling,item_power_treads,hero_morphling
00:18:15.554,hero_monkey_king,item_phase_boots,hero_monkey_king
00:18:16.220,hero_huskar,item_armlet,hero_huskar
00:18:21.652,hero_huskar,item_armlet,hero_huskar
00:18:21.785,hero_huskar,item_phase_boots,hero_huskar
00:18:24.085,hero_monkey_king,item_phase_boots,hero_monkey_king
00:18:25.318,hero_pudge,item_phase_boots,hero_pudge
00:18:27.684,hero_phoenix,item_tpscroll,hero_phoenix
00:18:28.117,hero_morphling,item_tpscroll,hero_morphling
00:18:30.083,hero_huskar,item_phase_boots,hero_huskar
00:18:30.450,hero_pudge,item_tpscroll,hero_pudge
00:18:30.583,hero_huskar,item_armlet,hero_huskar
00:18:33.116,hero_monkey_king,item_phase_boots,hero_monkey_king
00:18:35.515,hero_pudge,item_phase_boots,hero_pudge
00:18:35.549,hero_morphling,item_power_treads,hero_morphling
00:18:35.815,hero_silencer,item_tpscroll,hero_silencer
00:18:38.848,hero_huskar,item_phase_boots,hero_huskar
00:18:39.848,hero_huskar,item_armlet,hero_huskar
00:18:40.481,hero_morphling,item_power_treads,hero_morphling
00:18:40.781,hero_dazzle,item_arcane_boots,hero_dazzle
00:18:41.514,hero_morphling,item_power_treads,hero_morphling
00:18:44.547,hero_dazzle,item_trusty_shovel,hero_dazzle
00:18:47.279,hero_monkey_king,item_phase_boots,hero_monkey_king
00:18:47.812,hero_huskar,item_phase_boots,hero_huskar
00:18:47.946,hero_huskar,item_armlet,hero_huskar
00:18:48.079,hero_morphling,item_power_treads,hero_morphling
00:18:48.246,hero_morphling,item_power_treads,hero_morphling
00:18:48.879,hero_morphling,item_power_treads,hero_morphling
00:18:49.512,hero_morphling,item_power_treads,hero_morphling
00:18:49.679,hero_morphling,item_power_treads,hero_morphling
00:18:50.179,hero_morphling,item_power_treads,hero_morphling
00:18:50.312,hero_morphling,item_power_treads,hero_morphling
00:18:50.345,hero_pudge,item_phase_boots,hero_pudge
00:18:50.912,hero_morphling,item_power_treads,hero_morphling
00:18:50.945,hero_silencer,item_clarity,hero_dazzle
00:18:51.045,hero_morphling,item_power_treads,hero_morphling
00:18:55.611,hero_monkey_king,item_phase_boots,hero_monkey_king
00:18:58.876,hero_pudge,item_phase_boots,hero_pudge
00:19:01.276,hero_morphling,item_power_treads,hero_morphling
00:19:01.442,hero_morphling,item_power_treads,hero_morphling
00:19:01.576,hero_morphling,item_power_treads,hero_morphling
00:19:04.708,hero_phoenix,item_tango,hero_phoenix
00:19:09.041,hero_monkey_king,item_flask,hero_monkey_king
00:19:12.773,hero_monkey_king,item_phase_boots,hero_monkey_king
00:19:13.006,hero_morphling,item_power_treads,hero_morphling
00:19:13.173,hero_morphling,item_power_treads,hero_morphling
00:19:13.473,hero_morphling,item_magic_wand,hero_morphling
00:19:15.206,hero_morphling,item_power_treads,hero_morphling
00:19:15.639,hero_silencer,item_urn_of_shadows,hero_abaddon
00:19:17.638,hero_silencer,item_enchanted_mango,hero_silencer
00:19:23.537,hero_morphling,item_power_treads,hero_morphling
00:19:24.537,hero_monkey_king,item_tpscroll,hero_monkey_king
00:19:25.237,hero_dazzle,item_arcane_boots,hero_dazzle
00:19:28.869,hero_morphling,item_power_treads,hero_morphling
00:19:29.002,hero_morphling,item_power_treads,hero_morphling
00:19:29.569,hero_morphling,item_enchanted_mango,hero_morphling
00:19:33.068,hero_dazzle,item_trusty_shovel,hero_dazzle
00:19:34.434,hero_monkey_king,item_phase_boots,hero_monkey_king
00:19:40.400,hero_pudge,item_phase_boots,hero_pudge
00:19:40.766,hero_huskar,item_tpscroll,hero_huskar
00:19:40.966,hero_morphling,item_power_treads,hero_morphling
00:19:41.133,hero_morphling,item_power_treads,hero_morphling
00:19:41.266,hero_morphling,item_power_treads,hero_morphling
00:19:42.033,hero_huskar,item_phase_boots,hero_huskar
00:19:42.399,hero_huskar,item_armlet,hero_huskar
00:19:45.832,hero_dark_willow,item_tpscroll,hero_dark_willow
00:19:46.265,hero_monkey_king,item_phase_boots,hero_monkey_king
00:19:49.131,hero_pudge,item_phase_boots,hero_pudge
00:19:49.897,hero_abaddon,item_tpscroll,hero_abaddon
00:19:50.164,hero_huskar,item_phase_boots,hero_huskar
00:19:50.430,hero_huskar,item_armlet,hero_huskar
00:19:51.664,hero_dazzle,item_magic_wand,hero_dazzle
00:19:51.897,hero_lone_druid,item_flask,hero_lone_druid
00:19:54.929,hero_huskar,item_armlet,hero_huskar
00:19:55.363,hero_monkey_king,item_phase_boots,hero_monkey_king
00:19:59.662,hero_silencer,item_tpscroll,hero_silencer
00:20:02.694,hero_pudge,item_phase_boots,hero_pudge
00:20:03.294,hero_huskar,item_phase_boots,hero_huskar
00:20:03.494,hero_huskar,item_armlet,hero_huskar
00:20:04.394,hero_huskar,item_armlet,hero_huskar
00:20:05.760,hero_monkey_king,item_phase_boots,hero_monkey_king
00:20:06.093,hero_huskar,item_armlet,hero_huskar
00:20:07.026,hero_morphling,item_power_treads,hero_morphling
00:20:07.426,hero_silencer,item_urn_of_shadows,hero_dark_willow
00:20:09.426,hero_morphling,item_power_treads,hero_morphling
00:20:09.559,hero_morphling,item_power_treads,hero_morphling
00:20:09.926,hero_dark_willow,item_tango,hero_dark_willow
00:20:13.258,hero_huskar,item_phase_boots,hero_huskar
00:20:14.458,hero_huskar,item_armlet,hero_huskar
00:20:15.091,hero_monkey_king,item_phase_boots,hero_monkey_king
00:20:16.091,hero_pudge,item_phase_boots,hero_pudge
00:20:16.524,hero_huskar,item_armlet,hero_huskar
00:20:19.290,hero_huskar,item_armlet,hero_huskar
00:20:19.890,hero_huskar,item_armlet,hero_huskar
00:20:21.556,hero_huskar,item_phase_boots,hero_huskar
00:20:21.956,hero_phoenix,item_tango,hero_phoenix
00:20:22.523,hero_abaddon,item_ward_observer,hero_abaddon
00:20:24.189,hero_huskar,item_smoke_of_deceit,hero_huskar
00:20:24.322,hero_monkey_king,item_trusty_shovel,hero_monkey_king
00:20:26.688,hero_pudge,item_phase_boots,hero_pudge
00:20:30.654,hero_huskar,item_phase_boots,hero_huskar
00:20:31.154,hero_huskar,item_armlet,hero_huskar
00:20:31.787,hero_monkey_king,item_phase_boots,hero_monkey_king
00:20:32.687,hero_huskar,item_armlet,hero_huskar
00:20:33.953,hero_huskar,item_armlet,hero_huskar
00:20:34.220,hero_morphling,item_power_treads,hero_morphling
00:20:34.286,hero_dazzle,item_trusty_shovel,hero_dazzle
00:20:34.386,hero_morphling,item_power_treads,hero_morphling
00:20:34.453,hero_huskar,item_armlet,hero_huskar
00:20:34.553,hero_phoenix,item_tpscroll,hero_phoenix
00:20:34.553,hero_morphling,item_power_treads,hero_morphling
00:20:34.786,hero_monkey_king,item_flask,hero_monkey_king
00:20:35.120,hero_pudge,item_phase_boots,hero_pudge
00:20:39.185,hero_huskar,item_phase_boots,hero_huskar
00:20:40.918,hero_abaddon,item_ward_observer,hero_abaddon
00:20:41.451,hero_huskar,item_armlet,hero_huskar
00:20:41.985,hero_monkey_king,item_phase_boots,hero_monkey_king
00:20:42.118,hero_huskar,item_armlet,hero_huskar
00:20:42.618,hero_huskar,item_armlet,hero_huskar
00:20:42.718,hero_phoenix,item_enchanted_mango,hero_phoenix
00:20:42.851,hero_lone_druid,item_tpscroll,hero_lone_druid
00:20:43.084,hero_phoenix,item_enchanted_mango,hero_phoenix
00:20:43.384,hero_huskar,item_armlet,hero_huskar
00:20:43.917,hero_huskar,item_armlet,hero_huskar
00:20:44.384,hero_dazzle,item_tpscroll,hero_dazzle
00:20:50.682,hero_huskar,item_phase_boots,hero_huskar
00:20:50.916,hero_huskar,item_armlet,hero_huskar
00:20:51.982,hero_huskar,item_armlet,hero_huskar
00:20:52.549,hero_monkey_king,item_phase_boots,hero_monkey_king
00:20:55.615,hero_huskar,item_armlet,hero_huskar
00:20:58.880,hero_huskar,item_phase_boots,hero_huskar
00:21:01.380,hero_monkey_king,item_phase_boots,hero_monkey_king
00:21:01.480,hero_pudge,item_tpscroll,hero_pudge
00:21:02.580,hero_huskar,item_armlet,hero_huskar
00:21:06.479,hero_huskar,item_armlet,hero_huskar
00:21:06.645,hero_huskar,item_armlet,hero_huskar
00:21:07.612,hero_huskar,item_armlet,hero_huskar
00:21:08.511,hero_huskar,item_armlet,hero_huskar
00:21:09.544,hero_monkey_king,item_phase_boots,hero_monkey_king
00:21:11.844,hero_huskar,item_phase_boots,hero_huskar
00:21:12.510,hero_huskar,item_armlet,hero_huskar
00:21:12.644,hero_pudge,item_phase_boots,hero_pudge
00:21:13.810,hero_morphling,item_power_treads,hero_morphling
00:21:13.977,hero_morphling,item_power_treads,hero_morphling
00:21:14.877,hero_morphling,item_power_treads,hero_morphling
00:21:16.909,hero_huskar,item_armlet,hero_huskar
00:21:18.042,hero_dazzle,item_arcane_boots,hero_dazzle
00:21:20.075,hero_huskar,item_phase_boots,hero_huskar
00:21:22.341,hero_pudge,item_phase_boots,hero_pudge
00:21:22.475,hero_dazzle,item_medallion_of_courage,hero_monkey_king
00:21:25.107,hero_monkey_king,item_phase_boots,hero_monkey_king
00:21:29.373,hero_huskar,item_phase_boots,hero_huskar
00:21:33.372,hero_huskar,item_armlet,hero_huskar
00:21:34.438,hero_abaddon,item_tpscroll,hero_abaddon
00:21:34.838,hero_huskar,item_armlet,hero_huskar
00:21:34.872,hero_dazzle,item_flask,hero_dazzle
00:21:35.372,hero_morphling,item_power_treads,hero_morphling
00:21:35.538,hero_morphling,item_power_treads,hero_morphling
00:21:36.138,hero_dazzle,item_tango,hero_dazzle
00:21:36.904,hero_morphling,item_power_treads,hero_morphling
00:21:37.971,hero_huskar,item_phase_boots,hero_huskar
00:21:39.171,hero_huskar,item_armlet,hero_huskar
00:21:42.603,hero_morphling,item_power_treads,hero_morphling
00:21:42.703,hero_morphling,item_power_treads,hero_morphling
00:21:43.436,hero_huskar,item_armlet,hero_huskar
00:21:43.603,hero_silencer,item_tpscroll,hero_silencer
00:21:43.803,hero_morphling,item_power_treads,hero_morphling
00:21:47.768,hero_dazzle,item_mango_tree,hero_dazzle
00:21:48.835,hero_huskar,item_armlet,hero_huskar
00:21:48.902,hero_huskar,item_phase_boots,hero_huskar
00:21:54.134,hero_morphling,item_power_treads,hero_morphling
00:21:54.267,hero_morphling,item_power_treads,hero_morphling
00:21:54.400,hero_morphling,item_power_treads,hero_morphling
00:21:54.633,hero_dazzle,item_enchanted_mango,hero_dazzle
00:21:55.100,hero_dazzle,item_enchanted_mango,hero_dazzle
00:21:55.433,hero_dazzle,item_enchanted_mango,hero_dazzle
00:21:56.433,hero_huskar,item_armlet,hero_huskar
00:22:03.231,hero_silencer,item_ward_dispenser,hero_silencer
00:22:03.698,hero_morphling,item_power_treads,hero_morphling
00:22:03.865,hero_morphling,item_power_treads,hero_morphling
00:22:03.931,hero_morphling,item_power_treads,hero_morphling
00:22:05.531,hero_dazzle,item_arcane_boots,hero_dazzle
00:22:07.364,hero_huskar,item_phase_boots,hero_huskar
00:22:07.597,hero_huskar,item_armlet,hero_huskar
00:22:07.797,hero_monkey_king,item_tpscroll,hero_monkey_king
00:22:07.830,hero_pudge,item_phase_boots,hero_pudge
00:22:08.563,hero_huskar,item_armlet,hero_huskar
00:22:09.796,hero_dazzle,item_trusty_shovel,hero_dazzle
00:22:09.996,hero_dark_willow,item_tpscroll,hero_dark_willow
00:22:11.429,hero_morphling,item_clarity,hero_morphling
00:22:12.229,hero_monkey_king,item_phase_boots,hero_monkey_king
00:22:13.629,hero_huskar,item_phase_boots,hero_huskar
00:22:13.995,hero_huskar,item_armlet,hero_huskar
00:22:14.662,hero_phoenix,item_ward_sentry,hero_phoenix
00:22:17.161,hero_morphling,item_vambrace,hero_morphling
00:22:17.295,hero_morphling,item_vambrace,hero_morphling
00:22:19.094,hero_morphling,item_vambrace,hero_morphling
00:22:19.461,hero_morphling,item_vambrace,hero_morphling
00:22:19.594,hero_morphling,item_vambrace,hero_morphling
00:22:21.827,hero_huskar,item_phase_boots,hero_huskar
00:22:24.526,hero_huskar,item_armlet,hero_huskar
00:22:28.658,hero_pudge,item_phase_boots,hero_pudge
00:22:30.591,hero_phoenix,item_ward_sentry,hero_phoenix
00:22:36.923,hero_monkey_king,item_phase_boots,hero_monkey_king
00:22:39.856,hero_abaddon,item_ward_observer,hero_abaddon
00:22:40.356,hero_phoenix,item_ward_sentry,hero_phoenix
00:22:41.322,hero_huskar,item_phase_boots,hero_huskar
00:22:41.455,hero_huskar,item_armlet,hero_huskar
00:22:45.521,hero_abaddon,item_ward_observer,hero_abaddon
00:22:45.721,hero_huskar,item_armlet,hero_huskar
00:22:47.854,hero_huskar,item_phase_boots,hero_huskar
00:22:49.253,hero_pudge,item_phase_boots,hero_pudge
00:22:50.753,hero_silencer,item_ward_dispenser,hero_silencer
00:22:52.186,hero_huskar,item_armlet,hero_huskar
00:22:52.553,hero_monkey_king,item_phase_boots,hero_monkey_king
00:22:54.352,hero_huskar,item_armlet,hero_huskar
00:22:54.452,hero_morphling,item_power_treads,hero_morphling
00:22:54.919,hero_huskar,item_armlet,hero_huskar
00:22:57.418,hero_pudge,item_tpscroll,hero_pudge
00:22:58.151,hero_huskar,item_phase_boots,hero_huskar
00:22:58.318,hero_dazzle,item_tpscroll,hero_dazzle
00:22:58.884,hero_huskar,item_armlet,hero_huskar
00:23:00.217,hero_huskar,item_armlet,hero_huskar
00:23:02.017,hero_pudge,item_phase_boots,hero_pudge
00:23:02.317,hero_monkey_king,item_phase_boots,hero_monkey_king
00:23:04.883,hero_morphling,item_power_treads,hero_morphling
00:23:05.216,hero_huskar,item_tpscroll,hero_huskar
00:23:05.483,hero_morphling,item_power_treads,hero_morphling
00:23:06.849,hero_morphling,item_power_treads,hero_morphling
00:23:07.349,hero_morphling,item_magic_wand,hero_morphling
00:23:10.582,hero_dazzle,item_medallion_of_courage,hero_monkey_king
00:23:11.248,hero_monkey_king,item_phase_boots,hero_monkey_king
00:23:11.415,hero_huskar,item_phase_boots,hero_huskar
00:23:11.681,hero_huskar,item_armlet,hero_huskar
00:23:14.714,hero_abaddon,item_tpscroll,hero_abaddon
00:23:14.881,hero_dazzle,item_arcane_boots,hero_dazzle
00:23:17.313,hero_dazzle,item_trusty_shovel,hero_dazzle
00:23:19.246,hero_morphling,item_power_treads,hero_morphling
00:23:19.413,hero_morphling,item_power_treads,hero_morphling
00:23:20.679,hero_morphling,item_tpscroll,hero_morphling
00:23:23.345,hero_huskar,item_armlet,hero_huskar
00:23:23.945,hero_morphling,item_power_treads,hero_morphling
00:23:24.078,hero_morphling,item_power_treads,hero_morphling
00:23:25.311,hero_morphling,item_power_treads,hero_morphling
00:23:25.645,hero_huskar,item_armlet,hero_huskar
00:23:28.511,hero_silencer,item_tpscroll,hero_silencer
00:23:29.077,hero_monkey_king,item_tpscroll,hero_monkey_king
00:23:31.510,hero_dazzle,item_ward_dispenser,hero_dazzle
00:23:33.276,hero_monkey_king,item_phase_boots,hero_monkey_king
00:23:33.543,hero_huskar,item_armlet,hero_huskar
00:23:34.242,hero_huskar,item_phase_boots,hero_huskar
00:23:36.175,hero_dazzle,item_ward_dispenser,hero_dazzle
00:23:36.542,hero_huskar,item_armlet,hero_huskar
00:23:40.208,hero_morphling,item_power_treads,hero_morphling
00:23:40.374,hero_morphling,item_power_treads,hero_morphling
00:23:40.508,hero_morphling,item_power_treads,hero_morphling
00:23:42.807,hero_huskar,item_armlet,hero_huskar
00:23:43.007,hero_huskar,item_phase_boots,hero_huskar
00:23:44.340,hero_monkey_king,item_phase_boots,hero_monkey_king
00:23:45.706,hero_morphling,item_power_treads,hero_morphling
00:23:45.873,hero_morphling,item_power_treads,hero_morphling
00:23:47.073,hero_dazzle,item_ward_dispenser,hero_dazzle
00:23:47.273,hero_pudge,item_phase_boots,hero_pudge
00:23:48.206,hero_morphling,item_power_treads,hero_morphling
00:23:50.205,hero_dazzle,item_ward_dispenser,hero_dazzle
00:23:51.205,hero_huskar,item_armlet,hero_huskar
00:23:53.904,hero_monkey_king,item_phase_boots,hero_monkey_king
00:23:55.071,hero_morphling,item_power_treads,hero_morphling
00:23:55.204,hero_morphling,item_power_treads,hero_morphling
00:23:55.337,hero_morphling,item_power_treads,hero_morphling
00:23:56.304,hero_pudge,item_phase_boots,hero_pudge
00:23:57.437,hero_silencer,item_ward_dispenser,hero_silencer
00:23:58.170,hero_abaddon,item_ward_dispenser,hero_abaddon
00:23:58.270,hero_morphling,item_power_treads,hero_morphling
00:23:58.437,hero_morphling,item_power_treads,hero_morphling
00:23:58.570,hero_morphling,item_power_treads,hero_morphling
00:23:59.370,hero_abaddon,item_ward_sentry,hero_abaddon
00:24:00.769,hero_huskar,item_phase_boots,hero_huskar
00:24:00.936,hero_huskar,item_armlet,hero_huskar
00:24:02.602,hero_monkey_king,item_phase_boots,hero_monkey_king
00:24:02.802,hero_morphling,item_power_treads,hero_morphling
00:24:02.935,hero_morphling,item_power_treads,hero_morphling
00:24:04.135,hero_morphling,item_power_treads,hero_morphling
00:24:05.768,hero_pudge,item_phase_boots,hero_pudge
00:24:06.035,hero_dazzle,item_medallion_of_courage,hero_huskar
00:24:08.001,hero_dazzle,item_trusty_shovel,hero_dazzle
00:24:08.901,hero_huskar,item_armlet,hero_huskar
00:24:12.200,hero_dazzle,item_ward_dispenser,hero_dazzle
00:24:14.666,hero_monkey_king,item_phase_boots,hero_monkey_king
00:24:14.866,hero_monkey_king,item_tome_of_knowledge,hero_monkey_king
00:24:15.132,hero_morphling,item_power_treads,hero_morphling
00:24:15.299,hero_morphling,item_power_treads,hero_morphling
00:24:16.899,hero_morphling,item_power_treads,hero_morphling
00:24:17.732,hero_huskar,item_phase_boots,hero_huskar
00:24:18.032,hero_huskar,item_armlet,hero_huskar
00:24:18.865,hero_abaddon,item_ward_sentry,hero_abaddon
00:24:19.231,hero_dazzle,item_ward_dispenser,hero_dazzle
00:24:20.831,hero_morphling,item_enchanted_mango,hero_morphling
00:24:22.931,hero_pudge,item_phase_boots,hero_pudge
00:24:23.397,hero_silencer,item_ward_dispenser,hero_silencer
00:24:23.930,hero_dark_willow,item_smoke_of_deceit,hero_dark_willow
00:24:25.863,hero_huskar,item_phase_boots,hero_huskar
00:24:27.263,hero_huskar,item_armlet,hero_huskar
00:24:31.129,hero_morphling,item_power_treads,hero_morphling
00:24:31.295,hero_morphling,item_power_treads,hero_morphling
00:24:31.395,hero_morphling,item_power_treads,hero_morphling
00:24:31.495,hero_monkey_king,item_phase_boots,hero_monkey_king
00:24:32.228,hero_silencer,item_ward_observer,hero_silencer
00:24:32.628,hero_huskar,item_armlet,hero_huskar
00:24:34.128,hero_huskar,item_phase_boots,hero_huskar
00:24:37.494,hero_huskar,item_armlet,hero_huskar
00:24:37.760,hero_pudge,item_phase_boots,hero_pudge
00:24:42.226,hero_abaddon,item_spirit_vessel,hero_morphling
00:24:43.126,hero_monkey_king,item_phase_boots,hero_monkey_king
00:24:43.759,hero_morphling,item_power_treads,hero_morphling
00:24:46.658,hero_huskar,item_phase_boots,hero_huskar
00:24:46.791,hero_huskar,item_armlet,hero_huskar
00:24:49.091,hero_morphling,item_magic_wand,hero_morphling
00:24:50.457,hero_huskar,item_armlet,hero_huskar
00:24:53.956,hero_abaddon,item_spirit_vessel,hero_abaddon
00:24:57.022,hero_huskar,item_armlet,hero_huskar
00:24:57.489,hero_pudge,item_phase_boots,hero_pudge
00:24:57.622,hero_huskar,item_phase_boots,hero_huskar
00:24:59.022,hero_monkey_king,item_phase_boots,hero_monkey_king
00:24:59.088,hero_dark_willow,item_clarity,hero_dark_willow
00:25:01.055,hero_huskar,item_tpscroll,hero_huskar
00:25:02.188,hero_dazzle,item_ward_dispenser,hero_dazzle
00:25:02.321,hero_pudge,item_essence_ring,hero_pudge
00:25:03.254,hero_dazzle,item_ward_dispenser,hero_dazzle
00:25:03.387,hero_huskar,item_armlet,hero_huskar
00:25:03.587,hero_abaddon,item_ward_sentry,hero_abaddon
00:25:04.087,hero_dazzle,item_ward_observer,hero_dazzle
00:25:09.453,hero_dazzle,item_ward_observer,hero_dazzle
00:25:09.519,hero_huskar,item_phase_boots,hero_huskar
00:25:09.919,hero_huskar,item_armlet,hero_huskar
00:25:10.886,hero_huskar,item_armlet,hero_huskar
00:25:12.752,hero_abaddon,item_spirit_vessel,hero_abaddon
00:25:16.651,hero_dazzle,item_trusty_shovel,hero_dazzle
00:25:18.684,hero_huskar,item_armlet,hero_huskar
00:25:18.784,hero_huskar,item_phase_boots,hero_huskar
00:25:20.317,hero_monkey_king,item_phase_boots,hero_monkey_king
00:25:22.416,hero_huskar,item_armlet,hero_huskar
00:25:23.782,hero_pudge,item_phase_boots,hero_pudge
00:25:29.381,hero_dazzle,item_magic_wand,hero_dazzle
00:25:29.748,hero_monkey_king,item_phase_boots,hero_monkey_king
00:25:32.514,hero_pudge,item_phase_boots,hero_pudge
00:25:32.980,hero_silencer,item_tpscroll,hero_silencer
00:25:34.680,hero_huskar,item_armlet,hero_huskar
00:25:34.746,hero_huskar,item_phase_boots,hero_huskar
00:25:36.046,hero_morphling,item_power_treads,hero_morphling
00:25:36.213,hero_morphling,item_power_treads,hero_morphling
00:25:38.579,hero_huskar,item_armlet,hero_huskar
00:25:39.145,hero_pudge,item_essence_ring,hero_pudge
00:25:40.012,hero_morphling,item_tpscroll,hero_morphling
00:25:42.211,hero_huskar,item_armlet,hero_huskar
00:25:43.044,hero_monkey_king,item_phase_boots,hero_monkey_king
00:25:43.078,hero_huskar,item_phase_boots,hero_huskar
00:25:43.444,hero_huskar,item_armlet,hero_huskar
00:25:43.578,hero_silencer,item_power_treads,hero_silencer
00:25:51.276,hero_morphling,item_power_treads,hero_morphling
00:25:51.442,hero_morphling,item_power_treads,hero_morphling
00:25:51.576,hero_morphling,item_power_treads,hero_morphling
00:25:56.841,hero_huskar,item_armlet,hero_huskar
00:25:57.041,hero_huskar,item_phase_boots,hero_huskar
00:25:57.574,hero_morphling,item_power_treads,hero_morphling
00:25:57.741,hero_morphling,item_power_treads,hero_morphling
00:25:57.874,hero_morphling,item_power_treads,hero_morphling
00:26:01.173,hero_morphling,item_power_treads,hero_morphling
00:26:01.340,hero_morphling,item_power_treads,hero_morphling
00:26:01.973,hero_dazzle,item_trusty_shovel,hero_dazzle
00:26:02.006,hero_morphling,item_power_treads,hero_morphling
00:26:02.140,hero_monkey_king,item_phase_boots,hero_monkey_king
00:26:06.939,hero_huskar,item_phase_boots,hero_huskar
00:26:07.138,hero_silencer,item_enchanted_mango,hero_silencer
00:26:09.571,hero_dazzle,item_ward_observer,hero_dazzle
00:26:11.437,hero_huskar,item_armlet,hero_huskar
00:26:13.804,hero_morphling,item_clarity,hero_morphling
00:26:16.036,hero_pudge,item_phase_boots,hero_pudge
00:26:17.703,hero_huskar,item_phase_boots,hero_huskar
00:26:18.169,hero_huskar,item_armlet,hero_huskar
00:26:20.202,hero_morphling,item_power_treads,hero_morphling
00:26:20.369,hero_morphling,item_power_treads,hero_morphling
00:26:20.502,hero_morphling,item_power_treads,hero_morphling
00:26:22.368,hero_morphling,item_power_treads,hero_morphling
00:26:22.468,hero_morphling,item_power_treads,hero_morphling
00:26:23.368,hero_morphling,item_power_treads,hero_morphling
00:26:25.767,hero_monkey_king,item_phase_boots,hero_monkey_king
00:26:25.801,hero_huskar,item_phase_boots,hero_huskar
00:26:28.900,hero_dazzle,item_tome_of_knowledge,hero_dazzle
00:26:30.733,hero_huskar,item_clumsy_net,hero_abaddon
00:26:30.999,hero_abaddon,item_ward_dispenser,hero_abaddon
00:26:31.333,hero_huskar,item_armlet,hero_huskar
00:26:31.832,hero_abaddon,item_spirit_vessel,hero_huskar
00:26:31.866,hero_phoenix,item_orchid,hero_huskar
00:26:34.032,hero_huskar,item_phase_boots,hero_huskar
00:26:34.332,hero_pudge,item_phase_boots,hero_pudge
00:26:36.398,hero_monkey_king,item_phase_boots,hero_monkey_king
00:26:39.164,hero_abaddon,item_spirit_vessel,hero_huskar
00:26:39.597,hero_huskar,item_armlet,hero_huskar
00:26:42.297,hero_huskar,item_phase_boots,hero_huskar
00:26:43.630,hero_huskar,item_armlet,hero_huskar
00:26:44.863,hero_pudge,item_buckler,hero_pudge
00:26:45.196,hero_pudge,item_phase_boots,hero_pudge
00:26:47.762,hero_abaddon,item_spirit_vessel,hero_huskar
00:26:48.962,hero_monkey_king,item_phase_boots,hero_monkey_king
00:26:51.128,hero_huskar,item_phase_boots,hero_huskar
00:26:53.094,hero_huskar,item_armlet,hero_huskar
00:26:55.460,hero_abaddon,item_spirit_vessel,hero_pudge
00:26:57.426,hero_monkey_king,item_phase_boots,hero_monkey_king
00:26:59.392,hero_huskar,item_phase_boots,hero_huskar
00:27:00.992,hero_morphling,item_power_treads,hero_morphling
00:27:04.391,hero_huskar,item_tpscroll,hero_huskar
00:27:05.757,hero_monkey_king,item_phase_boots,hero_monkey_king
00:27:06.891,hero_abaddon,item_tpscroll,hero_abaddon
00:27:07.524,hero_monkey_king,item_tpscroll,hero_monkey_king
00:27:08.024,hero_huskar,item_smoke_of_deceit,hero_huskar
00:27:08.190,hero_huskar,item_phase_boots,hero_huskar
00:27:10.423,hero_morphling,item_power_treads,hero_morphling
00:27:10.556,hero_morphling,item_power_treads,hero_morphling
00:27:15.322,hero_morphling,item_power_treads,hero_morphling
00:27:15.455,hero_morphling,item_power_treads,hero_morphling
00:27:16.222,hero_morphling,item_power_treads,hero_morphling
00:27:16.821,hero_dazzle,item_tpscroll,hero_dazzle
00:27:17.121,hero_huskar,item_phase_boots,hero_huskar
00:27:18.121,hero_huskar,item_armlet,hero_huskar
00:27:21.187,hero_dazzle,item_trusty_shovel,hero_dazzle
00:27:22.820,hero_morphling,item_power_treads,hero_morphling
00:27:23.087,hero_huskar,item_heavens_halberd,roshan
00:27:24.186,hero_monkey_king,item_phase_boots,hero_monkey_king
00:27:28.452,hero_abaddon,item_spirit_vessel,hero_morphling
00:27:28.719,hero_dazzle,item_medallion_of_courage,hero_dark_willow
00:27:28.785,hero_silencer,item_power_treads,hero_silencer
00:27:31.851,hero_dark_willow,item_cyclone,hero_dazzle
00:27:34.517,hero_pudge,item_tpscroll,hero_pudge
00:27:36.583,hero_monkey_king,item_phase_boots,hero_monkey_king
00:27:39.616,hero_pudge,item_blink,hero_pudge
00:27:41.982,hero_pudge,item_phase_boots,hero_pudge
00:27:42.049,hero_huskar,item_armlet,hero_huskar
00:27:42.782,hero_silencer,item_power_treads,hero_silencer
00:27:43.415,hero_silencer,item_power_treads,hero_silencer
00:27:44.815,hero_monkey_king,item_phase_boots,hero_monkey_king
00:27:48.780,hero_huskar,item_armlet,hero_huskar
00:27:51.780,hero_huskar,item_phase_boots,hero_huskar
00:27:51.846,hero_silencer,item_power_treads,hero_silencer
00:27:51.880,hero_huskar,item_armlet,hero_huskar
00:27:52.513,hero_silencer,item_power_treads,hero_silencer
00:27:53.446,hero_phoenix,item_orchid,hero_silencer
00:27:53.712,hero_abaddon,item_spirit_vessel,hero_silencer
00:27:55.045,hero_monkey_king,item_phase_boots,hero_monkey_king
00:28:00.511,hero_huskar,item_armlet,hero_huskar
00:28:05.443,hero_monkey_king,item_phase_boots,hero_monkey_king
00:28:06.143,hero_huskar,item_armlet,hero_huskar
00:28:06.476,hero_huskar,item_phase_boots,hero_huskar
00:28:08.176,hero_huskar,item_armlet,hero_huskar
00:28:16.274,hero_monkey_king,item_phase_boots,hero_monkey_king
00:28:17.273,hero_morphling,item_power_treads,hero_morphling
00:28:17.440,hero_morphling,item_power_treads,hero_morphling
00:28:19.206,hero_huskar,item_phase_boots,hero_huskar
00:28:19.506,hero_huskar,item_armlet,hero_huskar
00:28:19.973,hero_abaddon,item_ward_sentry,hero_abaddon
00:28:23.439,hero_dazzle,item_trusty_shovel,hero_dazzle
00:28:27.438,hero_huskar,item_phase_boots,hero_huskar
00:28:30.403,hero_huskar,item_armlet,hero_huskar
00:28:33.269,hero_monkey_king,item_phase_boots,hero_monkey_king
00:28:34.669,hero_lone_druid,item_enchanted_mango,hero_lone_druid
00:28:35.869,hero_lone_druid,item_enchanted_mango,lone_druid_bear4
00:28:36.135,hero_huskar,item_phase_boots,hero_huskar
00:28:36.269,hero_huskar,item_armlet,hero_huskar
00:28:36.469,hero_dazzle,item_medallion_of_courage,hero_huskar
00:28:36.869,hero_lone_druid,item_enchanted_mango,lone_druid_bear4
00:28:37.035,hero_huskar,item_armlet,hero_huskar
00:28:37.102,hero_dazzle,item_arcane_boots,hero_dazzle
00:28:37.135,hero_morphling,item_power_treads,hero_morphling
00:28:37.268,hero_morphling,item_power_treads,hero_morphling
00:28:37.368,hero_morphling,item_power_treads,hero_morphling
00:28:37.835,hero_huskar,item_armlet,hero_huskar
00:28:38.035,hero_huskar,item_armlet,hero_huskar
00:28:38.502,hero_morphling,item_power_treads,hero_morphling
00:28:38.668,hero_morphling,item_power_treads,hero_morphling
00:28:39.101,hero_huskar,item_armlet,hero_huskar
00:28:39.335,hero_huskar,item_armlet,hero_huskar
00:28:39.968,hero_morphling,item_power_treads,hero_morphling
00:28:45.766,hero_huskar,item_armlet,hero_huskar
00:28:45.900,hero_huskar,item_phase_boots,hero_huskar
00:28:46.333,hero_pudge,item_phase_boots,hero_pudge
00:28:46.566,hero_abaddon,item_ward_sentry,hero_abaddon
00:28:46.866,hero_morphling,item_power_treads,hero_morphling
00:28:46.999,hero_morphling,item_power_treads,hero_morphling
00:28:47.099,hero_morphling,item_power_treads,hero_morphling
00:28:47.766,hero_silencer,item_power_treads,hero_silencer
00:28:47.833,hero_monkey_king,item_phase_boots,hero_monkey_king
00:28:51.332,hero_dazzle,item_ward_dispenser,hero_dazzle
00:28:52.065,hero_huskar,item_armlet,hero_huskar
00:28:52.298,hero_dark_willow,item_cyclone,hero_pudge
00:28:53.465,hero_dazzle,item_ward_dispenser,hero_dazzle
00:28:54.231,hero_huskar,item_phase_boots,hero_huskar
00:28:57.030,hero_monkey_king,item_phase_boots,hero_monkey_king
00:28:57.597,hero_abaddon,item_spirit_vessel,hero_pudge
00:29:02.762,hero_morphling,item_power_treads,hero_morphling
00:29:02.896,hero_morphling,item_power_treads,hero_morphling
00:29:03.029,hero_morphling,item_power_treads,hero_morphling
00:29:03.295,hero_huskar,item_phase_boots,hero_huskar
00:29:03.495,hero_pudge,item_blink,hero_pudge
00:29:03.762,hero_huskar,item_armlet,hero_huskar
00:29:05.995,hero_dazzle,item_ward_dispenser,hero_dazzle
00:29:06.295,hero_abaddon,item_ward_sentry,hero_abaddon
00:29:06.461,hero_huskar,item_armlet,hero_huskar
00:29:08.028,hero_huskar,item_armlet,hero_huskar
00:29:08.594,hero_huskar,item_armlet,hero_huskar
00:29:09.994,hero_monkey_king,item_phase_boots,hero_monkey_king
00:29:11.560,hero_dazzle,item_trusty_shovel,hero_dazzle
00:29:12.860,hero_morphling,item_clarity,hero_morphling
00:29:14.393,hero_pudge,item_phase_boots,hero_pudge
00:29:15.826,hero_morphling,item_power_treads,hero_morphling
00:29:15.959,hero_morphling,item_power_treads,hero_morphling
00:29:16.492,hero_morphling,item_power_treads,hero_morphling
00:29:16.759,hero_huskar,item_armlet,hero_huskar
00:29:16.859,hero_huskar,item_phase_boots,hero_huskar
00:29:17.592,hero_huskar,item_armlet,hero_huskar
00:29:19.758,hero_monkey_king,item_phase_boots,hero_monkey_king
00:29:19.958,hero_morphling,item_power_treads,hero_morphling
00:29:20.125,hero_morphling,item_power_treads,hero_morphling
00:29:20.258,hero_morphling,item_power_treads,hero_morphling
00:29:22.391,hero_huskar,item_armlet,hero_huskar
00:29:24.424,hero_huskar,item_armlet,hero_huskar
00:29:25.123,hero_huskar,item_phase_boots,hero_huskar
00:29:25.790,hero_pudge,item_phase_boots,hero_pudge
00:29:26.790,hero_huskar,item_tpscroll,hero_huskar
00:29:26.956,hero_morphling,item_tpscroll,hero_morphling
00:29:28.223,hero_lone_druid,item_tpscroll,hero_lone_druid
00:29:29.356,hero_monkey_king,item_phase_boots,hero_monkey_king
00:29:31.988,hero_silencer,item_tpscroll,hero_silencer
00:29:35.121,hero_pudge,item_phase_boots,hero_pudge
00:29:35.254,hero_huskar,item_armlet,hero_huskar
00:29:35.488,hero_huskar,item_phase_boots,hero_huskar
00:29:35.621,hero_morphling,item_power_treads,hero_morphling
00:29:35.754,hero_morphling,item_power_treads,hero_morphling
00:29:35.821,hero_morphling,item_power_treads,hero_morphling
00:29:36.287,hero_huskar,item_armlet,hero_huskar
00:29:36.587,hero_dark_willow,item_tpscroll,hero_dark_willow
00:29:37.021,hero_huskar,item_armlet,hero_huskar
00:29:37.221,hero_huskar,item_armlet,hero_huskar
00:29:38.220,hero_abaddon,item_ward_dispenser,hero_abaddon
00:29:40.553,hero_dazzle,item_medallion_of_courage,neutral_ogre_mauler
00:29:42.819,hero_morphling,item_power_treads,hero_morphling
00:29:42.986,hero_morphling,item_power_treads,hero_morphling
00:29:43.086,hero_morphling,item_power_treads,hero_morphling
00:29:43.219,hero_monkey_king,item_phase_boots,hero_monkey_king
00:29:44.385,hero_huskar,item_phase_boots,hero_huskar
00:29:51.717,hero_abaddon,item_ward_dispenser,hero_abaddon
00:29:52.417,hero_morphling,item_power_treads,hero_morphling
00:29:52.550,hero_morphling,item_power_treads,hero_morphling
00:29:52.650,hero_morphling,item_power_treads,hero_morphling
00:29:52.983,hero_pudge,item_phase_boots,hero_pudge
00:29:53.783,hero_huskar,item_phase_boots,hero_huskar
00:29:53.816,hero_dazzle,item_arcane_boots,hero_dazzle
00:29:54.050,hero_huskar,item_armlet,hero_huskar
00:29:55.583,hero_abaddon,item_ward_dispenser,hero_abaddon
00:29:56.782,hero_abaddon,item_ward_dispenser,hero_abaddon
00:29:57.349,hero_huskar,item_armlet,hero_huskar
00:30:01.148,hero_morphling,item_power_treads,hero_morphling
00:30:01.281,hero_morphling,item_power_treads,hero_morphling
00:30:01.415,hero_morphling,item_power_treads,hero_morphling
00:30:01.881,hero_dazzle,item_trusty_shovel,hero_dazzle
00:30:05.180,hero_abaddon,item_ward_dispenser,hero_abaddon
00:30:05.414,hero_huskar,item_armlet,hero_huskar
00:30:08.013,hero_monkey_king,item_phase_boots,hero_monkey_king
00:30:08.613,hero_huskar,item_phase_boots,hero_huskar
00:30:09.513,hero_pudge,item_phase_boots,hero_pudge
00:30:09.546,hero_huskar,item_armlet,hero_huskar
00:30:10.512,hero_dazzle,item_medallion_of_courage,hero_pudge
00:30:16.844,hero_huskar,item_phase_boots,hero_huskar
00:30:17.244,hero_phoenix,item_orchid,hero_huskar
00:30:17.677,hero_huskar,item_armlet,hero_huskar
00:30:17.811,hero_pudge,item_phase_boots,hero_pudge
00:30:21.510,hero_huskar,item_armlet,hero_huskar
00:30:22.509,hero_abaddon,item_spirit_vessel,hero_huskar
00:30:22.876,hero_dazzle,item_medallion_of_courage,neutral_polar_furbolg_ursa_warrior
00:30:24.076,hero_morphling,item_power_treads,hero_morphling
00:30:24.209,hero_morphling,item_power_treads,hero_morphling
00:30:25.909,hero_morphling,item_power_treads,hero_morphling
00:30:29.041,hero_silencer,item_power_treads,hero_silencer
00:30:29.808,hero_silencer,item_power_treads,hero_silencer
00:30:30.274,hero_huskar,item_phase_boots,hero_huskar
00:30:30.507,hero_dazzle,item_arcane_boots,hero_dazzle
00:30:30.507,hero_huskar,item_armlet,hero_huskar
00:30:31.274,hero_abaddon,item_spirit_vessel,hero_huskar
00:30:31.641,hero_morphling,item_power_treads,hero_morphling
00:30:31.774,hero_morphling,item_power_treads,hero_morphling
00:30:31.907,hero_morphling,item_power_treads,hero_morphling
00:30:35.206,hero_pudge,item_phase_boots,hero_pudge
00:30:35.273,hero_huskar,item_black_king_bar,hero_huskar
00:30:39.339,hero_huskar,item_phase_boots,hero_huskar
00:30:41.105,hero_morphling,item_power_treads,hero_morphling
00:30:41.405,hero_pudge,item_blink,hero_pudge
00:30:41.671,hero_morphling,item_power_treads,hero_morphling
00:30:41.838,hero_morphling,item_power_treads,hero_morphling
00:30:43.071,hero_dark_willow,item_cyclone,hero_dark_willow
00:30:46.370,hero_morphling,item_ethereal_blade,hero_dark_willow
00:30:46.737,hero_dazzle,item_medallion_of_courage,hero_dark_willow
00:30:47.037,hero_phoenix,item_orchid,hero_huskar
00:30:47.170,hero_abaddon,item_spirit_vessel,hero_huskar
00:30:48.203,hero_huskar,item_phase_boots,hero_huskar
00:30:49.003,hero_dazzle,item_magic_wand,hero_dazzle
00:30:52.202,hero_dazzle,item_medallion_of_courage,hero_phoenix
00:30:54.202,hero_huskar,item_heavens_halberd,hero_lone_druid
00:30:57.934,hero_dazzle,item_medallion_of_courage,hero_huskar
00:30:58.634,hero_huskar,item_phase_boots,hero_huskar
00:30:59.434,hero_dazzle,item_magic_wand,hero_dazzle
00:31:03.733,hero_dazzle,item_medallion_of_courage,hero_lone_druid
00:31:04.599,hero_morphling,item_magic_wand,hero_morphling
00:31:04.832,hero_dazzle,item_arcane_boots,hero_dazzle
00:31:06.865,hero_huskar,item_phase_boots,hero_huskar
00:31:08.165,hero_huskar,item_armlet,hero_huskar
00:31:09.798,hero_lone_druid,item_branches,hero_lone_druid
00:31:10.298,hero_lone_druid,item_tpscroll,hero_lone_druid
00:31:11.931,hero_morphling,item_power_treads,hero_morphling
00:31:12.064,hero_morphling,item_power_treads,hero_morphling
00:31:12.197,hero_morphling,item_power_treads,hero_morphling
00:31:13.097,hero_silencer,item_tpscroll,hero_silencer
00:31:14.097,hero_huskar,item_armlet,hero_huskar
00:31:14.497,hero_huskar,item_armlet,hero_huskar
00:31:15.097,hero_huskar,item_phase_boots,hero_huskar
00:31:16.130,hero_morphling,item_power_treads,hero_morphling
00:31:16.263,hero_morphling,item_power_treads,hero_morphling
00:31:17.429,hero_dazzle,item_trusty_shovel,hero_dazzle
00:31:18.129,hero_morphling,item_power_treads,hero_morphling
00:31:23.095,hero_huskar,item_armlet,hero_huskar
00:31:28.093,hero_monkey_king,item_tpscroll,hero_monkey_king
00:31:29.560,hero_pudge,item_tpscroll,hero_pudge
00:31:31.059,hero_silencer,item_power_treads,hero_silencer
00:31:32.892,hero_pudge,item_blink,hero_pudge
00:31:33.525,hero_pudge,item_phase_boots,hero_pudge
00:31:34.059,hero_monkey_king,item_phase_boots,hero_monkey_king
00:31:37.858,hero_pudge,item_hood_of_defiance,hero_pudge
00:31:38.224,hero_huskar,item_phase_boots,hero_huskar
00:31:38.957,hero_pudge,item_buckler,hero_pudge
00:31:39.157,hero_dazzle,item_arcane_boots,hero_dazzle
00:31:40.524,hero_abaddon,item_tome_of_knowledge,hero_abaddon
00:31:43.390,hero_morphling,item_power_treads,hero_morphling
00:31:43.490,hero_morphling,item_power_treads,hero_morphling
00:31:43.490,hero_monkey_king,item_phase_boots,hero_monkey_king
00:31:43.656,hero_morphling,item_power_treads,hero_morphling
00:31:44.689,hero_pudge,item_phase_boots,hero_pudge
00:31:46.922,hero_huskar,item_vambrace,hero_huskar
00:31:46.989,hero_abaddon,item_ward_dispenser,hero_abaddon
00:31:47.122,hero_huskar,item_vambrace,hero_huskar
00:31:47.722,hero_huskar,item_vambrace,hero_huskar
00:31:47.989,hero_huskar,item_vambrace,hero_huskar
00:31:48.688,hero_morphling,item_clarity,hero_morphling
00:31:50.488,hero_huskar,item_phase_boots,hero_huskar
00:31:54.087,hero_dazzle,item_enchanted_mango,hero_dazzle
00:31:54.254,hero_dazzle,item_enchanted_mango,hero_dazzle
00:31:55.453,hero_monkey_king,item_phase_boots,hero_monkey_king
00:31:55.920,hero_dazzle,item_trusty_shovel,hero_dazzle
00:31:57.453,hero_pudge,item_phase_boots,hero_pudge
00:31:59.119,hero_huskar,item_phase_boots,hero_huskar
00:31:59.619,hero_huskar,item_armlet,hero_huskar
00:32:01.185,hero_dazzle,item_ward_dispenser,hero_dazzle
00:32:01.619,hero_huskar,item_armlet,hero_huskar
00:32:02.585,hero_huskar,item_armlet,hero_huskar
00:32:02.852,hero_morphling,item_power_treads,hero_morphling
00:32:02.985,hero_morphling,item_power_treads,hero_morphling
00:32:03.118,hero_morphling,item_power_treads,hero_morphling
00:32:03.718,hero_huskar,item_armlet,hero_huskar
00:32:04.185,hero_monkey_king,item_phase_boots,hero_monkey_king
00:32:06.117,hero_pudge,item_phase_boots,hero_pudge
00:32:12.183,hero_morphling,item_power_treads,hero_morphling
00:32:12.349,hero_morphling,item_power_treads,hero_morphling
00:32:12.383,hero_dazzle,item_ward_dispenser,hero_dazzle
00:32:12.483,hero_morphling,item_power_treads,hero_morphling
00:32:17.015,hero_dazzle,item_ward_dispenser,hero_dazzle
00:32:18.381,hero_abaddon,item_ward_dispenser,hero_abaddon
00:32:18.714,hero_dazzle,item_ward_dispenser,hero_dazzle
00:32:18.914,hero_huskar,item_armlet,hero_huskar
00:32:19.148,hero_huskar,item_phase_boots,hero_huskar
00:32:19.414,hero_abaddon,item_ward_dispenser,hero_abaddon
00:32:20.314,hero_abaddon,item_ward_dispenser,hero_abaddon
00:32:22.913,hero_pudge,item_phase_boots,hero_pudge
00:32:26.646,hero_monkey_king,item_phase_boots,hero_monkey_king
00:32:27.412,hero_huskar,item_armlet,hero_huskar
00:32:27.612,hero_dazzle,item_arcane_boots,hero_dazzle
00:32:28.512,hero_huskar,item_armlet,hero_huskar
00:32:30.878,hero_dazzle,item_trusty_shovel,hero_dazzle
00:32:31.345,hero_pudge,item_phase_boots,hero_pudge
00:32:34.544,hero_pudge,item_blink,hero_pudge
00:32:36.110,hero_huskar,item_phase_boots,hero_huskar
00:32:38.043,hero_huskar,item_armlet,hero_huskar
00:32:40.476,hero_morphling,item_power_treads,hero_morphling
00:32:40.642,hero_morphling,item_power_treads,hero_morphling
00:32:42.709,hero_pudge,item_phase_boots,hero_pudge
00:32:43.208,hero_huskar,item_armlet,hero_huskar
00:32:44.741,hero_huskar,item_phase_boots,hero_huskar
00:32:45.308,hero_dark_willow,item_ward_sentry,hero_dark_willow
00:32:45.808,hero_morphling,item_power_treads,hero_morphling
00:32:50.473,hero_monkey_king,item_tpscroll,hero_monkey_king
00:32:51.873,hero_pudge,item_phase_boots,hero_pudge
00:32:52.273,hero_dazzle,item_solar_crest,neutral_enraged_wildkin
00:32:52.939,hero_morphling,item_power_treads,hero_morphling
00:32:53.073,hero_huskar,item_phase_boots,hero_huskar
00:32:53.073,hero_morphling,item_power_treads,hero_morphling
00:32:53.206,hero_morphling,item_power_treads,hero_morphling
00:32:53.872,hero_monkey_king,item_phase_boots,hero_monkey_king
00:32:56.305,hero_morphling,item_power_treads,hero_morphling
00:32:56.405,hero_morphling,item_power_treads,hero_morphling
00:32:57.438,hero_morphling,item_power_treads,hero_morphling
00:32:58.705,hero_dazzle,item_solar_crest,neutral_wildkin
00:33:01.171,hero_morphling,item_power_treads,hero_morphling
00:33:01.337,hero_morphling,item_power_treads,hero_morphling
00:33:01.371,hero_dark_willow,item_blink,hero_dark_willow
00:33:01.437,hero_morphling,item_power_treads,hero_morphling
00:33:02.204,hero_dark_willow,item_cyclone,hero_silencer
00:33:02.670,hero_monkey_king,item_phase_boots,hero_monkey_king
00:33:02.704,hero_huskar,item_phase_boots,hero_huskar
00:33:03.803,hero_abaddon,item_ward_dispenser,hero_abaddon
00:33:04.103,hero_morphling,item_power_treads,hero_morphling
00:33:04.603,hero_abaddon,item_ward_sentry,hero_abaddon
00:33:04.637,hero_morphling,item_power_treads,hero_morphling
00:33:04.770,hero_morphling,item_power_treads,hero_morphling
00:33:05.236,hero_pudge,item_phase_boots,hero_pudge
00:33:05.803,hero_huskar,item_armlet,hero_huskar
00:33:06.703,hero_pudge,item_blink,hero_pudge
00:33:11.701,hero_phoenix,item_heavens_halberd,hero_huskar
00:33:12.435,hero_monkey_king,item_phase_boots,hero_monkey_king
00:33:14.667,hero_phoenix,item_orchid,hero_huskar
00:33:14.934,hero_abaddon,item_spirit_vessel,hero_huskar
00:33:15.834,hero_dazzle,item_solar_crest,hero_huskar
00:33:17.333,hero_huskar,item_black_king_bar,hero_huskar
00:33:18.067,hero_pudge,item_phase_boots,hero_pudge
00:33:18.267,hero_morphling,item_power_treads,hero_morphling
00:33:18.367,hero_morphling,item_power_treads,hero_morphling
00:33:18.500,hero_morphling,item_power_treads,hero_morphling
00:33:19.033,hero_dazzle,item_arcane_boots,hero_dazzle
00:33:19.500,hero_huskar,item_phase_boots,hero_huskar
00:33:21.066,hero_monkey_king,item_phase_boots,hero_monkey_king
00:33:23.265,hero_huskar,item_heavens_halberd,lone_druid_bear4
00:33:26.831,hero_pudge,item_hood_of_defiance,hero_pudge
00:33:27.198,hero_dazzle,item_solar_crest,lone_druid_bear4
00:33:28.631,hero_huskar,item_phase_boots,hero_huskar
00:33:28.964,hero_morphling,item_ethereal_blade,hero_dark_willow
00:33:34.163,hero_phoenix,item_orchid,hero_morphling
00:33:36.662,hero_monkey_king,item_phase_boots,hero_monkey_king
00:33:39.028,hero_dazzle,item_tpscroll,hero_dazzle
00:33:45.860,hero_monkey_king,item_phase_boots,hero_monkey_king
00:33:46.393,hero_dazzle,item_trusty_shovel,hero_dazzle
00:33:56.024,hero_dazzle,item_arcane_boots,hero_dazzle
00:33:56.091,hero_monkey_king,item_phase_boots,hero_monkey_king
00:34:00.590,hero_dazzle,item_solar_crest,lone_druid_bear4
00:34:07.921,hero_dazzle,item_solar_crest,lone_druid_bear4
00:34:09.024,hero_monkey_king,item_phase_boots,hero_monkey_king
00:34:11.299,hero_huskar,item_tpscroll,hero_huskar
00:34:12.470,hero_dazzle,item_solar_crest,lone_druid_bear4
00:34:12.503,hero_abaddon,item_spirit_vessel,hero_abaddon
00:34:14.610,hero_huskar,item_phase_boots,hero_huskar
00:34:14.711,hero_huskar,item_armlet,hero_huskar
00:34:16.015,hero_silencer,item_power_treads,hero_silencer
00:34:17.085,hero_silencer,item_power_treads,hero_silencer
00:34:17.386,hero_dazzle,item_solar_crest,lone_druid_bear4
00:34:17.520,hero_huskar,item_armlet,hero_huskar
00:34:18.958,hero_huskar,item_armlet,hero_huskar
00:34:21.032,hero_monkey_king,item_phase_boots,hero_monkey_king
00:34:22.437,hero_pudge,item_phase_boots,hero_pudge
00:34:23.741,hero_dark_willow,item_tpscroll,hero_dark_willow
00:34:25.982,hero_lone_druid,item_tpscroll,hero_lone_druid
00:34:27.956,hero_dazzle,item_trusty_shovel,hero_dazzle
00:34:33.441,hero_dazzle,item_arcane_boots,hero_dazzle
00:34:33.575,hero_monkey_king,item_phase_boots,hero_monkey_king
00:34:33.909,hero_huskar,item_phase_boots,hero_huskar
00:34:34.043,hero_huskar,item_armlet,hero_huskar
00:34:34.411,hero_pudge,item_phase_boots,hero_pudge
00:34:36.384,hero_huskar,item_armlet,hero_huskar
00:34:37.154,hero_huskar,item_armlet,hero_huskar
00:34:37.287,hero_silencer,item_power_treads,hero_silencer
00:34:37.388,hero_huskar,item_armlet,hero_huskar
00:34:38.090,hero_huskar,item_armlet,hero_huskar
00:34:42.672,hero_huskar,item_phase_boots,hero_huskar
00:34:42.873,hero_dazzle,item_ward_dispenser,hero_dazzle
00:34:42.907,hero_silencer,item_power_treads,hero_silencer
00:34:43.575,hero_huskar,item_armlet,hero_huskar
00:34:43.609,hero_monkey_king,item_phase_boots,hero_monkey_king
00:34:43.743,hero_silencer,item_power_treads,hero_silencer
00:34:44.077,hero_dazzle,item_ward_dispenser,hero_dazzle
00:34:44.512,hero_silencer,item_power_treads,hero_silencer
00:34:45.281,hero_pudge,item_phase_boots,hero_pudge
00:34:46.987,hero_morphling,item_tpscroll,hero_morphling
00:34:48.726,hero_dazzle,item_ward_dispenser,hero_dazzle
00:34:49.997,hero_dazzle,item_ward_dispenser,hero_dazzle
00:34:51.001,hero_dazzle,item_ward_dispenser,hero_dazzle
00:34:53.877,hero_huskar,item_phase_boots,hero_huskar
00:34:54.044,hero_huskar,item_armlet,hero_huskar
00:34:55.617,hero_huskar,item_armlet,hero_huskar
00:34:56.553,hero_monkey_king,item_phase_boots,hero_monkey_king
00:34:58.125,hero_huskar,item_armlet,hero_huskar
00:34:58.727,hero_pudge,item_phase_boots,hero_pudge
00:35:00.065,hero_pudge,item_blink,hero_pudge
00:35:01.135,hero_huskar,item_armlet,hero_huskar
00:35:02.574,hero_dazzle,item_solar_crest,neutral_satyr_hellcaller
00:35:03.443,hero_morphling,item_power_treads,hero_morphling
00:35:03.610,hero_morphling,item_power_treads,hero_morphling
00:35:03.711,hero_morphling,item_power_treads,hero_morphling
00:35:08.761,hero_dazzle,item_arcane_boots,hero_dazzle
00:35:10.266,hero_dazzle,item_trusty_shovel,hero_dazzle
00:35:11.437,hero_huskar,item_armlet,hero_huskar
00:35:11.571,hero_huskar,item_phase_boots,hero_huskar
00:35:13.511,hero_pudge,item_phase_boots,hero_pudge
00:35:13.778,hero_monkey_king,item_phase_boots,hero_monkey_king
00:35:15.585,hero_huskar,item_armlet,hero_huskar
00:35:16.387,hero_huskar,item_armlet,hero_huskar
00:35:16.655,hero_huskar,item_armlet,hero_huskar
00:35:19.765,hero_huskar,item_armlet,hero_huskar
00:35:20.167,hero_huskar,item_phase_boots,hero_huskar
00:35:21.036,hero_dazzle,item_solar_crest,neutral_enraged_wildkin
00:35:22.341,hero_morphling,item_power_treads,hero_morphling
00:35:22.475,hero_morphling,item_power_treads,hero_morphling
00:35:22.609,hero_morphling,item_power_treads,hero_morphling
00:35:23.813,hero_morphling,item_clarity,hero_morphling
00:35:26.154,hero_pudge,item_essence_ring,hero_pudge
00:35:28.562,hero_huskar,item_phase_boots,hero_huskar
00:35:28.863,hero_morphling,item_power_treads,hero_morphling
00:35:28.897,hero_dazzle,item_solar_crest,hero_huskar
00:35:28.997,hero_morphling,item_power_treads,hero_morphling
00:35:29.131,hero_morphling,item_power_treads,hero_morphling
00:35:29.265,hero_pudge,item_phase_boots,hero_pudge
00:35:30.703,hero_huskar,item_armlet,hero_huskar
00:35:31.305,hero_huskar,item_armlet,hero_huskar
00:35:31.706,hero_huskar,item_armlet,hero_huskar
00:35:32.877,hero_huskar,item_armlet,hero_huskar
00:35:34.282,hero_huskar,item_tome_of_knowledge,hero_huskar
00:35:34.449,hero_silencer,item_power_treads,hero_silencer
00:35:34.884,hero_monkey_king,item_phase_boots,hero_monkey_king
00:35:36.088,hero_silencer,item_power_treads,hero_silencer
00:35:36.790,hero_huskar,item_phase_boots,hero_huskar
00:35:37.392,hero_pudge,item_blink,hero_pudge
00:35:38.228,hero_pudge,item_phase_boots,hero_pudge
00:35:39.299,hero_huskar,item_armlet,hero_huskar
00:35:41.172,hero_morphling,item_power_treads,hero_morphling
00:35:42.978,hero_morphling,item_power_treads,hero_morphling
00:35:43.112,hero_morphling,item_power_treads,hero_morphling
00:35:43.714,hero_monkey_king,item_phase_boots,hero_monkey_king
00:35:46.022,hero_huskar,item_phase_boots,hero_huskar
00:35:46.624,hero_morphling,item_power_treads,hero_morphling
00:35:46.791,hero_morphling,item_power_treads,hero_morphling
00:35:46.858,hero_lone_druid,item_tpscroll,hero_lone_druid
00:35:47.092,hero_pudge,item_phase_boots,hero_pudge
00:35:47.293,hero_dazzle,item_arcane_boots,hero_dazzle
00:35:47.761,hero_morphling,item_power_treads,hero_morphling
00:35:48.129,hero_dazzle,item_trusty_shovel,hero_dazzle
00:35:51.106,hero_morphling,item_power_treads,hero_morphling
00:35:51.273,hero_morphling,item_power_treads,hero_morphling
00:35:51.975,hero_morphling,item_power_treads,hero_morphling
00:35:52.744,hero_monkey_king,item_phase_boots,hero_monkey_king
00:35:52.878,hero_silencer,item_power_treads,hero_silencer
00:35:53.012,hero_silencer,item_power_treads,hero_silencer
00:35:53.781,hero_silencer,item_power_treads,hero_silencer
00:35:55.220,hero_silencer,item_power_treads,hero_silencer
00:35:56.491,hero_dazzle,item_ward_dispenser,hero_dazzle
00:35:56.557,hero_huskar,item_phase_boots,hero_huskar
00:35:59.936,hero_dazzle,item_ward_dispenser,hero_dazzle
00:36:00.471,hero_huskar,item_armlet,hero_huskar
00:36:01.240,hero_monkey_king,item_phase_boots,hero_monkey_king
00:36:01.976,hero_pudge,item_phase_boots,hero_pudge
00:36:04.518,hero_morphling,item_power_treads,hero_morphling
00:36:04.685,hero_morphling,item_power_treads,hero_morphling
00:36:04.752,hero_huskar,item_phase_boots,hero_huskar
00:36:04.786,hero_morphling,item_power_treads,hero_morphling
00:36:06.090,hero_huskar,item_armlet,hero_huskar
00:36:12.211,hero_huskar,item_armlet,hero_huskar
00:36:12.244,hero_pudge,item_phase_boots,hero_pudge
00:36:12.913,hero_huskar,item_phase_boots,hero_huskar
00:36:13.549,hero_morphling,item_power_treads,hero_morphling
00:36:13.682,hero_morphling,item_power_treads,hero_morphling
00:36:14.151,hero_huskar,item_armlet,hero_huskar
00:36:14.251,hero_morphling,item_power_treads,hero_morphling
00:36:15.656,hero_dazzle,item_ward_observer,hero_dazzle
00:36:17.997,hero_morphling,item_power_treads,hero_morphling
00:36:18.131,hero_morphling,item_power_treads,hero_morphling
00:36:18.131,hero_dazzle,item_trusty_shovel,hero_dazzle
00:36:19.067,hero_morphling,item_power_treads,hero_morphling
00:36:19.870,hero_monkey_king,item_tome_of_knowledge,hero_monkey_king
00:36:20.673,hero_monkey_king,item_phase_boots,hero_monkey_king
00:36:22.011,hero_huskar,item_phase_boots,hero_huskar
00:36:22.145,hero_huskar,item_armlet,hero_huskar
00:36:29.169,hero_monkey_king,item_phase_boots,hero_monkey_king
00:36:30.540,hero_huskar,item_phase_boots,hero_huskar
00:36:31.209,hero_morphling,item_power_treads,hero_morphling
00:36:31.343,hero_morphling,item_power_treads,hero_morphling
00:36:31.476,hero_morphling,item_power_treads,hero_morphling
00:36:32.781,hero_morphling,item_power_treads,hero_morphling
00:36:32.948,hero_morphling,item_power_treads,hero_morphling
00:36:33.182,hero_silencer,item_ward_dispenser,hero_silencer
00:36:33.885,hero_pudge,item_phase_boots,hero_pudge
00:36:35.825,hero_dark_willow,item_blink,hero_dark_willow
00:36:35.858,hero_morphling,item_power_treads,hero_morphling
00:36:36.761,hero_dark_willow,item_cyclone,hero_morphling
00:36:38.734,hero_phoenix,item_orchid,hero_silencer
00:36:38.768,hero_huskar,item_armlet,hero_huskar
00:36:39.671,hero_huskar,item_phase_boots,hero_huskar
00:36:42.113,hero_pudge,item_blink,hero_pudge
00:36:42.113,hero_silencer,item_rod_of_atos,hero_monkey_king
00:36:42.648,hero_monkey_king,item_black_king_bar,hero_monkey_king
00:36:46.561,hero_pudge,item_phase_boots,hero_pudge
00:36:46.561,hero_morphling,item_power_treads,hero_morphling
00:36:46.795,hero_abaddon,item_spirit_vessel,hero_morphling
00:36:47.096,hero_morphling,item_ethereal_blade,hero_morphling
00:36:47.297,hero_monkey_king,item_phase_boots,hero_monkey_king
00:36:48.200,hero_huskar,item_phase_boots,hero_huskar
00:36:50.742,hero_silencer,item_ward_dispenser,hero_silencer
00:36:52.414,hero_huskar,item_armlet,hero_huskar
00:36:56.395,hero_morphling,item_power_treads,hero_morphling
00:36:56.428,hero_huskar,item_phase_boots,hero_huskar
00:36:56.562,hero_morphling,item_power_treads,hero_morphling
00:36:59.472,hero_dark_willow,item_blink,hero_dark_willow
00:37:01.913,hero_monkey_king,item_phase_boots,hero_monkey_king
00:37:02.114,hero_morphling,item_power_treads,hero_morphling
00:37:02.248,hero_morphling,item_power_treads,hero_morphling
00:37:02.348,hero_morphling,item_power_treads,hero_morphling
00:37:07.533,hero_morphling,item_power_treads,hero_morphling
00:37:07.666,hero_morphling,item_power_treads,hero_morphling
00:37:07.767,hero_morphling,item_power_treads,hero_morphling
00:37:08.670,hero_dazzle,item_arcane_boots,hero_dazzle
00:37:09.907,hero_abaddon,item_spirit_vessel,hero_abaddon
00:37:10.208,hero_monkey_king,item_phase_boots,hero_monkey_king
00:37:19.540,hero_morphling,item_power_treads,hero_morphling
00:37:19.674,hero_morphling,item_power_treads,hero_morphling
00:37:19.808,hero_morphling,item_power_treads,hero_morphling
00:37:20.075,hero_huskar,item_phase_boots,hero_huskar
00:37:22.450,hero_dazzle,item_trusty_shovel,hero_dazzle
00:37:23.186,hero_phoenix,item_tpscroll,hero_phoenix
00:37:23.320,hero_huskar,item_armlet,hero_huskar
00:37:24.290,hero_huskar,item_armlet,hero_huskar
00:37:24.557,hero_huskar,item_armlet,hero_huskar
00:37:24.591,hero_morphling,item_power_treads,hero_morphling
00:37:24.724,hero_morphling,item_power_treads,hero_morphling
00:37:24.858,hero_morphling,item_power_treads,hero_morphling
00:37:26.932,hero_monkey_king,item_phase_boots,hero_monkey_king
00:37:27.434,hero_morphling,item_power_treads,hero_morphling
00:37:27.567,hero_morphling,item_power_treads,hero_morphling
00:37:27.701,hero_morphling,item_power_treads,hero_morphling
00:37:29.340,hero_huskar,item_phase_boots,hero_huskar
00:37:30.544,hero_dazzle,item_flask,hero_morphling
00:37:33.019,hero_morphling,item_power_treads,hero_morphling
00:37:33.187,hero_morphling,item_power_treads,hero_morphling
00:37:33.287,hero_morphling,item_power_treads,hero_morphling
00:37:37.167,hero_dark_willow,item_ward_sentry,hero_dark_willow
00:37:37.802,hero_huskar,item_phase_boots,hero_huskar
00:37:38.137,hero_huskar,item_armlet,hero_huskar
00:37:39.207,hero_huskar,item_armlet,hero_huskar
00:37:39.675,hero_morphling,item_power_treads,hero_morphling
00:37:39.809,hero_morphling,item_power_treads,hero_morphling
00:37:39.943,hero_morphling,item_power_treads,hero_morphling
00:37:39.976,hero_huskar,item_armlet,hero_huskar
00:37:40.244,hero_huskar,item_armlet,hero_huskar
00:37:40.846,hero_huskar,item_armlet,hero_huskar
00:37:41.783,hero_dazzle,item_ward_dispenser,hero_dazzle
00:37:42.151,hero_pudge,item_phase_boots,hero_pudge
00:37:42.686,hero_morphling,item_power_treads,hero_morphling
00:37:42.853,hero_morphling,item_power_treads,hero_morphling
00:37:42.953,hero_morphling,item_power_treads,hero_morphling
00:37:44.024,hero_monkey_king,item_phase_boots,hero_monkey_king
00:37:44.726,hero_dazzle,item_ward_dispenser,hero_dazzle
00:37:46.733,hero_huskar,item_phase_boots,hero_huskar
00:37:47.201,hero_morphling,item_power_treads,hero_morphling
00:37:47.368,hero_morphling,item_power_treads,hero_morphling
00:37:47.469,hero_morphling,item_power_treads,hero_morphling
00:37:47.736,hero_huskar,item_armlet,hero_huskar
00:37:51.583,hero_morphling,item_power_treads,hero_morphling
00:37:51.750,hero_morphling,item_power_treads,hero_morphling
00:37:51.817,hero_dazzle,item_solar_crest,hero_huskar
00:37:51.850,hero_morphling,item_power_treads,hero_morphling
00:37:53.690,hero_huskar,item_armlet,hero_huskar
00:37:54.927,hero_huskar,item_phase_boots,hero_huskar
00:37:55.764,hero_dazzle,item_arcane_boots,hero_dazzle
00:37:56.600,hero_dazzle,item_trusty_shovel,hero_dazzle
00:37:58.138,hero_morphling,item_power_treads,hero_morphling
00:37:58.272,hero_morphling,item_power_treads,hero_morphling
00:37:58.406,hero_morphling,item_power_treads,hero_morphling
00:37:58.673,hero_huskar,item_armlet,hero_huskar
00:37:59.577,hero_pudge,item_phase_boots,hero_pudge
00:37:59.777,hero_monkey_king,item_phase_boots,hero_monkey_king
00:38:01.884,hero_huskar,item_armlet,hero_huskar
00:38:02.152,hero_huskar,item_armlet,hero_huskar
00:38:04.393,hero_huskar,item_phase_boots,hero_huskar
00:38:06.333,hero_morphling,item_power_treads,hero_morphling
00:38:06.534,hero_morphling,item_power_treads,hero_morphling
00:38:10.882,hero_monkey_king,item_mjollnir,lone_druid_bear4
00:38:11.383,hero_huskar,item_armlet,hero_huskar
00:38:11.751,hero_morphling,item_power_treads,hero_morphling
00:38:12.521,hero_monkey_king,item_phase_boots,hero_monkey_king
00:38:12.554,hero_huskar,item_phase_boots,hero_huskar
00:38:13.424,hero_huskar,item_armlet,hero_huskar
00:38:13.725,hero_morphling,item_power_treads,hero_morphling
00:38:13.892,hero_morphling,item_power_treads,hero_morphling
00:38:14.026,hero_morphling,item_power_treads,hero_morphling
00:38:18.240,hero_abaddon,item_clarity,hero_abaddon
00:38:19.110,hero_huskar,item_armlet,hero_huskar
00:38:20.314,hero_huskar,item_armlet,hero_huskar
00:38:20.849,hero_huskar,item_phase_boots,hero_huskar
00:38:23.224,hero_morphling,item_clarity,hero_morphling
00:38:24.394,hero_silencer,item_power_treads,hero_silencer
00:38:25.264,hero_silencer,item_power_treads,hero_silencer
00:38:28.174,hero_pudge,item_phase_boots,hero_pudge
00:38:28.207,hero_huskar,item_armlet,hero_huskar
00:38:28.308,hero_monkey_king,item_phase_boots,hero_monkey_king
00:38:29.010,hero_huskar,item_phase_boots,hero_huskar
00:38:29.679,hero_dazzle,item_solar_crest,hero_monkey_king
00:38:37.640,hero_huskar,item_armlet,hero_huskar
00:38:38.208,hero_huskar,item_phase_boots,hero_huskar
00:38:39.579,hero_morphling,item_tpscroll,hero_morphling
00:38:41.553,hero_phoenix,item_heavens_halberd,hero_huskar
00:38:41.854,hero_silencer,item_ward_dispenser,hero_silencer
00:38:46.035,hero_monkey_king,item_phase_boots,hero_monkey_king
00:38:46.670,hero_dazzle,item_solar_crest,hero_abaddon
00:38:48.744,hero_huskar,item_phase_boots,hero_huskar
00:38:50.249,hero_pudge,item_phase_boots,hero_pudge
00:38:50.851,hero_dazzle,item_solar_crest,lone_druid_bear4
00:38:50.918,hero_silencer,item_ward_dispenser,hero_silencer
00:38:51.219,hero_huskar,item_heavens_halberd,hero_monkey_king
00:38:51.286,hero_monkey_king,item_black_king_bar,hero_monkey_king
00:38:52.223,hero_silencer,item_rod_of_atos,hero_dark_willow
00:38:53.527,hero_morphling,item_ethereal_blade,hero_dark_willow
00:38:54.263,hero_abaddon,item_magic_wand,hero_abaddon
00:38:54.631,hero_monkey_king,item_phase_boots,hero_monkey_king
00:38:54.731,hero_pudge,item_blink,hero_pudge
00:38:54.831,hero_phoenix,item_orchid,hero_huskar
00:38:56.838,hero_dazzle,item_solar_crest,lone_druid_bear4
00:38:56.939,hero_monkey_king,item_mjollnir,hero_monkey_king
00:38:59.614,hero_huskar,item_phase_boots,hero_huskar
00:39:00.317,hero_huskar,item_armlet,hero_huskar
00:39:01.086,hero_dazzle,item_solar_crest,hero_huskar
00:39:01.521,hero_pudge,item_hood_of_defiance,hero_pudge
00:39:01.521,hero_dazzle,item_arcane_boots,hero_dazzle
00:39:02.290,hero_phoenix,item_heavens_halberd,hero_morphling
00:39:02.324,hero_pudge,item_phase_boots,hero_pudge
00:39:02.892,hero_dazzle,item_flask,hero_huskar
00:39:03.093,hero_huskar,item_armlet,hero_huskar
00:39:04.029,hero_huskar,item_black_king_bar,hero_huskar
00:39:04.197,hero_monkey_king,item_phase_boots,hero_monkey_king
00:39:05.200,hero_abaddon,item_spirit_vessel,hero_morphling
00:39:09.180,hero_dazzle,item_solar_crest,hero_huskar
00:39:09.381,hero_huskar,item_heavens_halberd,hero_monkey_king
00:39:09.749,hero_dazzle,item_mekansm,hero_dazzle
00:39:11.990,hero_silencer,item_rod_of_atos,hero_dark_willow
00:39:12.391,hero_monkey_king,item_phase_boots,hero_monkey_king
00:39:13.161,hero_dazzle,item_solar_crest,hero_dark_willow
00:39:13.227,hero_abaddon,item_spirit_vessel,hero_huskar
00:39:13.495,hero_dark_willow,item_cyclone,hero_dark_willow
00:39:13.963,hero_huskar,item_phase_boots,hero_huskar
00:39:15.535,hero_silencer,item_power_treads,hero_silencer
00:39:17.341,hero_dazzle,item_solar_crest,hero_dark_willow
00:39:20.485,hero_abaddon,item_magic_wand,hero_abaddon
00:39:20.686,hero_dazzle,item_magic_wand,hero_dazzle
00:39:21.957,hero_abaddon,item_spirit_vessel,hero_dark_willow
00:39:23.864,hero_monkey_king,item_phase_boots,hero_monkey_king
00:39:29.449,hero_abaddon,item_spirit_vessel,hero_abaddon
00:39:31.858,hero_dark_willow,item_blink,hero_dark_willow
00:39:32.058,hero_monkey_king,item_phase_boots,hero_monkey_king
00:39:40.855,hero_monkey_king,item_phase_boots,hero_monkey_king
00:39:46.106,hero_monkey_king,item_mjollnir,lone_druid_bear4
00:39:46.775,hero_abaddon,item_spirit_vessel,hero_abaddon
00:39:55.873,hero_monkey_king,item_phase_boots,hero_monkey_king
00:39:58.147,hero_dazzle,item_solar_crest,hero_monkey_king
00:40:03.800,hero_monkey_king,item_black_king_bar,hero_monkey_king
